"Date","Price","Open","High","Low","Vol.","Change %"
"Mar 05, 2019","31.03","30.49","31.23","30.40","13.07M","1.74%"
"Mar 04, 2019","30.50","30.78","31.26","30.07","15.92M","-0.39%"
"Mar 01, 2019","30.62","31.17","31.19","30.28","12.36M","-0.52%"
"Feb 28, 2019","30.78","30.25","30.79","30.01","15.24M","1.22%"
"Feb 27, 2019","30.41","30.95","31.00","29.90","24.64M","-1.93%"
"Feb 26, 2019","31.01","31.89","31.96","30.99","17.52M","-3.06%"
"Feb 25, 2019","31.99","31.99","32.71","31.88","15.06M","0.88%"
"Feb 22, 2019","31.71","30.81","31.73","30.81","15.41M","3.09%"
"Feb 21, 2019","30.76","31.36","31.48","30.60","13.94M","-1.94%"
"Feb 20, 2019","31.37","31.71","31.93","31.21","16.87M","-0.88%"
"Feb 19, 2019","31.65","31.23","32.11","31.15","14.39M","1.34%"
"Feb 15, 2019","31.23","31.20","31.80","30.97","17.59M","0.87%"
"Feb 14, 2019","30.96","30.86","31.28","30.60","15.32M","-0.51%"
"Feb 13, 2019","31.12","30.57","31.84","30.55","29.68M","2.40%"
"Feb 12, 2019","30.39","30.44","30.80","30.23","20.32M","0.53%"
"Feb 11, 2019","30.23","30.17","30.44","29.66","28.84M","0.73%"
"Feb 08, 2019","30.01","30.47","30.74","29.42","40.67M","-2.56%"
"Feb 07, 2019","30.80","31.17","31.73","30.31","69.76M","-9.84%"
"Feb 06, 2019","34.16","35.05","35.25","33.75","34.06M","-0.61%"
"Feb 05, 2019","34.37","34.29","34.57","33.92","17.61M","1.27%"
"Feb 04, 2019","33.94","33.34","34.18","33.24","14.24M","2.26%"
"Feb 01, 2019","33.19","33.56","34.09","32.96","18.82M","-1.10%"
"Jan 31, 2019","33.56","33.07","33.69","32.79","21.21M","4.03%"
"Jan 30, 2019","32.26","32.04","32.38","31.42","17.14M","1.96%"
"Jan 29, 2019","31.64","33.33","33.55","31.46","18.85M","-4.50%"
"Jan 28, 2019","33.13","32.65","33.20","32.12","21.75M","0.70%"
"Jan 25, 2019","32.90","31.99","33.62","31.98","22.52M","4.08%"
"Jan 24, 2019","31.61","30.94","31.73","30.91","12.47M","2.07%"
"Jan 23, 2019","30.97","32.26","32.45","30.72","21.08M","-3.97%"
"Jan 22, 2019","32.25","32.97","33.35","31.93","17.78M","-3.07%"
"Jan 18, 2019","33.27","33.05","33.89","32.77","16.78M","1.28%"
"Jan 17, 2019","32.85","32.47","33.09","32.39","12.06M","1.17%"
"Jan 16, 2019","32.47","33.10","33.30","32.44","10.13M","-1.67%"
"Jan 15, 2019","33.02","32.51","33.35","32.45","13.55M","2.01%"
"Jan 14, 2019","32.37","32.38","32.75","32.12","9.52M","-1.52%"
"Jan 11, 2019","32.87","32.85","33.20","32.43","17.73M","-0.66%"
"Jan 10, 2019","33.09","33.08","33.50","32.26","30.50M","2.60%"
"Jan 09, 2019","32.25","31.80","32.40","31.54","14.55M","1.42%"
"Jan 08, 2019","31.80","31.70","32.05","30.91","18.92M","1.47%"
"Jan 07, 2019","31.34","30.20","31.38","29.77","19.92M","4.64%"
"Jan 04, 2019","29.95","28.39","30.10","28.31","23.41M","7.00%"
"Jan 03, 2019","27.99","28.38","29.18","27.94","19.05M","-2.85%"
"Jan 02, 2019","28.81","28.26","28.99","27.87","15.05M","0.24%"
"Dec 31, 2018","28.74","28.60","29.13","28.34","15.98M","1.09%"
"Dec 28, 2018","28.43","28.93","29.14","27.84","21.82M","-0.87%"
"Dec 27, 2018","28.68","28.14","28.92","27.26","31.99M","0.07%"
"Dec 26, 2018","28.66","27.00","28.70","26.80","35.53M","8.36%"
"Dec 24, 2018","26.45","26.55","27.27","26.26","18.21M","-3.15%"
"Dec 21, 2018","27.31","29.31","29.76","27.04","38.71M","-6.76%"
"Dec 20, 2018","29.29","32.59","32.72","28.51","51.98M","-11.05%"
"Dec 19, 2018","32.93","33.71","34.70","32.66","24.78M","-2.40%"
"Dec 18, 2018","33.74","33.63","34.17","33.08","18.89M","0.93%"
"Dec 17, 2018","33.43","35.68","35.70","33.20","23.88M","-6.80%"
"Dec 14, 2018","35.87","35.25","36.62","35.05","19.53M","-0.06%"
"Dec 13, 2018","35.89","36.40","36.49","35.30","22.83M","-0.99%"
"Dec 12, 2018","36.25","34.97","37.13","34.85","32.61M","5.22%"
"Dec 11, 2018","34.45","34.13","35.75","33.88","30.12M","3.05%"
"Dec 10, 2018","33.43","32.73","33.64","32.26","19.97M","1.83%"
"Dec 07, 2018","32.83","32.84","34.37","32.67","29.50M","-0.39%"
"Dec 06, 2018","32.96","32.46","32.97","31.11","25.92M","1.23%"
"Dec 04, 2018","32.56","33.28","34.16","32.50","22.47M","-3.27%"
"Dec 03, 2018","33.66","32.24","33.85","32.21","24.02M","7.03%"
"Nov 30, 2018","31.45","31.15","31.55","30.11","25.83M","0.48%"
"Nov 29, 2018","31.30","32.46","32.54","29.87","50.51M","-4.37%"
"Nov 28, 2018","32.73","33.00","33.00","31.72","19.07M","0.37%"
"Nov 27, 2018","32.61","32.44","33.10","32.36","10.73M","-0.64%"
"Nov 26, 2018","32.82","31.60","32.87","31.52","17.10M","5.46%"
"Nov 23, 2018","31.12","31.30","31.96","31.11","5.81M","-1.55%"
"Nov 21, 2018","31.61","31.67","32.08","31.10","16.47M","1.77%"
"Nov 20, 2018","31.06","29.97","31.73","29.94","20.93M","-2.88%"
"Nov 19, 2018","31.98","33.56","33.60","31.84","15.75M","-5.02%"
"Nov 16, 2018","33.67","32.83","33.92","32.60","17.90M","1.57%"
"Nov 15, 2018","33.15","32.79","33.36","32.62","16.82M","0.73%"
"Nov 14, 2018","32.91","32.89","33.85","32.75","19.45M","1.29%"
"Nov 13, 2018","32.49","32.24","32.85","31.47","17.21M","1.50%"
"Nov 12, 2018","32.01","34.00","34.10","31.78","18.15M","-6.07%"
"Nov 09, 2018","34.08","33.75","34.42","33.39","16.03M","-0.29%"
"Nov 08, 2018","34.18","34.88","34.99","33.87","15.15M","-2.31%"
"Nov 07, 2018","34.99","34.75","35.12","34.38","16.80M","1.66%"
"Nov 06, 2018","34.42","33.96","34.81","33.84","15.51M","1.18%"
"Nov 05, 2018","34.02","34.26","34.28","33.37","18.21M","-0.82%"
"Nov 02, 2018","34.30","34.87","35.35","33.85","23.99M","-0.92%"
"Nov 01, 2018","34.62","34.60","34.91","33.82","27.50M","-0.37%"
"Oct 31, 2018","34.75","34.37","35.64","34.35","33.06M","2.63%"
"Oct 30, 2018","33.86","31.77","34.55","31.30","43.68M","4.54%"
"Oct 29, 2018","32.39","32.46","33.75","31.62","40.90M","0.09%"
"Oct 26, 2018","32.36","31.20","33.14","30.94","47.75M","1.76%"
"Oct 25, 2018","31.80","31.32","33.67","30.76","79.25M","15.47%"
"Oct 24, 2018","27.54","28.85","29.77","27.30","37.91M","-4.28%"
"Oct 23, 2018","28.77","28.48","29.02","28.07","26.50M","-1.41%"
"Oct 22, 2018","29.18","29.05","29.28","28.31","21.72M","1.21%"
"Oct 19, 2018","28.83","29.33","29.79","28.68","20.11M","-1.57%"
"Oct 18, 2018","29.29","29.40","30.24","28.98","24.17M","-0.88%"
"Oct 17, 2018","29.55","29.95","30.14","28.96","19.38M","-1.07%"
"Oct 16, 2018","29.87","29.10","29.89","28.84","18.44M","4.40%"
"Oct 15, 2018","28.61","27.85","29.05","27.59","20.23M","2.22%"
"Oct 12, 2018","27.99","28.09","28.17","27.26","27.13M","3.67%"
"Oct 11, 2018","27.00","26.35","27.58","26.19","33.07M","0.78%"
"Oct 10, 2018","26.79","29.12","29.12","26.76","40.40M","-8.47%"
"Oct 09, 2018","29.27","28.70","29.57","28.34","22.76M","2.88%"
"Oct 08, 2018","28.45","28.21","28.94","27.72","22.11M","0.21%"
"Oct 05, 2018","28.39","28.34","28.96","27.97","29.00M","0.57%"
"Oct 04, 2018","28.23","28.75","28.76","27.87","21.12M","-2.69%"
"Oct 03, 2018","29.01","28.38","29.12","28.25","19.36M","2.91%"
"Oct 02, 2018","28.19","28.14","28.62","27.91","17.71M","-0.42%"
"Oct 01, 2018","28.31","28.51","28.70","28.00","20.54M","-0.53%"
"Sep 28, 2018","28.46","29.25","29.28","28.41","22.72M","-3.26%"
"Sep 27, 2018","29.42","29.06","29.69","28.88","14.83M","1.41%"
"Sep 26, 2018","29.01","29.20","29.45","28.80","12.74M","-0.34%"
"Sep 25, 2018","29.11","28.75","29.24","28.44","16.13M","1.78%"
"Sep 24, 2018","28.60","28.33","29.11","27.93","20.25M","0.35%"
"Sep 21, 2018","28.50","29.86","29.95","28.49","43.12M","-4.52%"
"Sep 20, 2018","29.85","29.70","30.02","29.24","15.38M","1.12%"
"Sep 19, 2018","29.52","29.15","29.56","28.82","16.02M","1.03%"
"Sep 18, 2018","29.22","28.84","29.63","28.75","15.86M","1.25%"
"Sep 17, 2018","28.86","29.05","29.28","28.43","30.59M","-4.18%"
"Sep 14, 2018","30.12","30.45","30.77","30.06","13.47M","-0.89%"
"Sep 13, 2018","30.39","30.10","30.57","29.86","18.52M","2.15%"
"Sep 12, 2018","29.75","30.61","30.83","29.25","29.85M","-3.69%"
"Sep 11, 2018","30.89","30.44","31.44","30.35","16.00M","1.15%"
"Sep 10, 2018","30.54","30.50","30.60","29.95","17.81M","0.16%"
"Sep 07, 2018","30.49","30.31","31.39","29.82","31.48M","-1.04%"
"Sep 06, 2018","30.81","32.86","32.95","30.62","36.02M","-5.87%"
"Sep 05, 2018","32.73","34.65","34.70","32.51","36.05M","-6.06%"
"Sep 04, 2018","34.84","34.75","35.12","34.48","13.57M","-0.97%"
"Aug 31, 2018","35.18","35.57","35.72","34.59","19.07M","-1.29%"
"Aug 30, 2018","35.64","35.27","36.15","35.21","19.22M","0.82%"
"Aug 29, 2018","35.35","35.41","35.60","34.81","17.73M","-0.39%"
"Aug 28, 2018","35.49","35.98","36.04","34.89","22.28M","-1.11%"
"Aug 27, 2018","35.89","34.66","36.00","34.48","28.31M","4.70%"
"Aug 24, 2018","34.28","34.00","34.49","33.93","15.21M","1.18%"
"Aug 23, 2018","33.88","33.90","34.74","33.72","25.75M","0.21%"
"Aug 22, 2018","33.81","33.45","34.17","33.35","18.58M","0.36%"
"Aug 21, 2018","33.69","32.75","34.14","32.60","29.58M","3.34%"
"Aug 20, 2018","32.60","32.79","32.94","32.20","16.54M","-0.40%"
"Aug 17, 2018","32.73","32.74","33.09","32.34","14.87M","-0.30%"
"Aug 16, 2018","32.83","32.70","33.15","32.41","20.87M","1.39%"
"Aug 15, 2018","32.38","32.81","33.23","31.95","26.43M","-2.44%"
"Aug 14, 2018","33.19","33.40","33.43","32.52","26.44M","1.19%"
"Aug 13, 2018","32.80","32.04","33.62","32.02","44.24M","2.47%"
"Aug 10, 2018","32.01","31.65","32.25","31.47","16.07M","0.16%"
"Aug 09, 2018","31.96","31.85","32.38","31.61","17.66M","0.38%"
"Aug 08, 2018","31.84","32.75","32.78","31.81","22.54M","-2.54%"
"Aug 07, 2018","32.67","33.10","33.61","32.55","24.64M","-0.94%"
"Aug 06, 2018","32.98","31.82","33.04","31.45","27.51M","3.19%"
"Aug 03, 2018","31.96","32.58","32.99","31.80","26.32M","-2.62%"
"Aug 02, 2018","32.82","31.58","32.87","31.34","27.09M","2.85%"
"Aug 01, 2018","31.91","32.25","32.59","31.46","33.23M","0.13%"
"Jul 31, 2018","31.87","31.95","32.48","31.07","64.39M","1.56%"
"Jul 30, 2018","31.38","34.17","34.26","31.07","77.85M","-8.03%"
"Jul 27, 2018","34.12","37.25","37.47","33.90","122.86M","-20.54%"
"Jul 26, 2018","42.94","42.87","43.41","42.14","30.02M","-2.89%"
"Jul 25, 2018","44.22","42.35","44.39","42.35","25.21M","4.86%"
"Jul 24, 2018","42.17","43.77","43.80","41.59","22.43M","-2.63%"
"Jul 23, 2018","43.31","43.45","43.85","42.40","15.25M","-0.25%"
"Jul 20, 2018","43.42","43.50","44.13","43.23","10.45M","-0.05%"
"Jul 19, 2018","43.44","43.27","43.87","43.11","13.37M","0.23%"
"Jul 18, 2018","43.34","44.19","44.75","42.74","26.54M","-3.06%"
"Jul 17, 2018","44.71","43.59","45.26","43.15","20.12M","1.02%"
"Jul 16, 2018","44.26","44.30","44.73","43.91","13.01M","-0.52%"
"Jul 13, 2018","44.49","45.28","45.32","43.93","16.45M","-1.70%"
"Jul 12, 2018","45.26","44.80","45.34","44.36","27.08M","3.17%"
"Jul 11, 2018","43.87","42.63","44.10","42.22","35.10M","0.27%"
"Jul 10, 2018","43.75","44.20","45.26","43.63","38.47M","-0.88%"
"Jul 09, 2018","44.14","46.74","46.90","42.08","107.58M","-5.38%"
"Jul 06, 2018","46.65","44.91","46.75","44.61","23.74M","3.53%"
"Jul 05, 2018","45.06","44.07","45.11","43.55","16.17M","2.67%"
"Jul 03, 2018","43.89","45.36","45.48","43.80","14.24M","-2.42%"
"Jul 02, 2018","44.98","43.06","45.00","42.75","16.70M","3.00%"
"Jun 29, 2018","43.67","45.05","45.20","43.56","24.39M","-2.50%"
"Jun 28, 2018","44.79","43.65","44.84","42.49","18.91M","2.49%"
"Jun 27, 2018","43.70","45.50","46.22","43.68","25.88M","-2.54%"
"Jun 26, 2018","44.84","44.36","45.32","43.51","20.19M","1.52%"
"Jun 25, 2018","44.17","45.47","45.52","43.33","31.38M","-3.73%"
"Jun 22, 2018","45.88","45.58","46.01","44.50","31.11M","1.41%"
"Jun 21, 2018","45.24","46.36","46.87","44.20","32.20M","-1.93%"
"Jun 20, 2018","46.13","45.56","46.92","45.44","31.23M","2.63%"
"Jun 19, 2018","44.95","45.19","45.71","43.57","39.25M","-2.28%"
"Jun 18, 2018","46.00","45.34","46.26","44.50","26.03M","0.44%"
"Jun 15, 2018","45.80","46.62","47.79","45.64","51.49M","-2.05%"
"Jun 14, 2018","46.76","44.55","46.80","44.50","50.95M","6.10%"
"Jun 13, 2018","44.07","44.24","44.55","43.42","35.17M","1.33%"
"Jun 12, 2018","43.49","42.47","44.33","42.41","51.15M","5.00%"
"Jun 11, 2018","41.42","41.42","41.69","40.66","24.61M","0.51%"
"Jun 08, 2018","41.21","39.49","41.26","39.42","34.54M","3.80%"
"Jun 07, 2018","39.70","40.14","40.16","38.64","41.57M","-1.00%"
"Jun 06, 2018","40.10","39.42","40.23","39.21","147.81M","0.75%"
"Jun 05, 2018","39.80","39.53","40.16","39.19","66.12M","5.07%"
"Jun 04, 2018","37.88","36.45","37.98","35.95","32.63M","3.36%"
"Jun 01, 2018","36.65","35.14","36.69","35.09","29.58M","5.62%"
"May 31, 2018","34.70","34.39","34.97","34.25","14.43M","0.99%"
"May 30, 2018","34.36","34.20","34.66","34.08","14.59M","0.94%"
"May 29, 2018","34.04","33.42","34.83","33.35","22.09M","1.22%"
"May 25, 2018","33.63","33.54","33.99","33.31","10.42M","0.33%"
"May 24, 2018","33.52","33.44","33.76","33.12","14.49M","0.30%"
"May 23, 2018","33.42","32.70","33.43","32.60","13.44M","1.70%"
"May 22, 2018","32.86","33.78","33.81","32.83","15.00M","-2.29%"
"May 21, 2018","33.63","33.02","34.02","32.90","21.33M","3.06%"
"May 18, 2018","32.63","32.55","32.97","32.21","10.62M","0.15%"
"May 17, 2018","32.58","32.78","33.02","32.28","10.76M","-0.58%"
"May 16, 2018","32.77","32.75","33.22","32.67","10.87M","0.06%"
"May 15, 2018","32.75","33.17","33.17","32.36","15.84M","-1.92%"
"May 14, 2018","33.39","33.07","33.58","32.93","18.01M","1.95%"
"May 11, 2018","32.75","32.94","33.10","32.25","14.48M","-0.37%"
"May 10, 2018","32.87","32.71","33.78","32.58","20.72M","1.26%"
"May 09, 2018","32.46","32.07","32.79","31.94","20.73M","1.92%"
"May 08, 2018","31.85","31.20","32.09","31.03","19.58M","1.66%"
"May 07, 2018","31.33","31.06","31.84","30.88","18.52M","0.93%"
"May 04, 2018","31.04","30.22","31.36","29.85","21.04M","1.21%"
"May 03, 2018","30.67","30.21","31.02","29.97","19.81M","0.39%"
"May 02, 2018","30.55","30.00","31.22","29.95","22.48M","0.83%"
"May 01, 2018","30.30","30.21","31.06","29.60","30.68M","-0.03%"
"Apr 30, 2018","30.31","28.62","30.75","28.43","41.76M","4.52%"
"Apr 27, 2018","29.00","30.17","30.32","28.59","37.42M","-4.20%"
"Apr 26, 2018","30.27","30.35","31.42","30.12","43.78M","1.75%"
"Apr 25, 2018","29.75","31.35","32.00","28.14","93.09M","-2.36%"
"Apr 24, 2018","30.47","31.18","31.64","29.63","41.27M","-2.40%"
"Apr 23, 2018","31.22","32.51","32.62","30.85","29.41M","-2.16%"
"Apr 20, 2018","31.91","32.65","33.12","31.65","34.82M","1.17%"
"Apr 19, 2018","31.54","31.37","32.28","30.96","22.64M","0.00%"
"Apr 18, 2018","31.54","31.67","32.06","31.07","25.14M","-0.94%"
"Apr 17, 2018","31.84","29.45","32.06","29.43","46.70M","11.41%"
"Apr 16, 2018","28.58","28.85","28.95","28.36","11.51M","-0.63%"
"Apr 13, 2018","28.76","29.24","29.46","28.43","12.71M","-0.83%"
"Apr 12, 2018","29.00","29.89","29.90","28.78","17.33M","-1.33%"
"Apr 11, 2018","29.39","29.46","29.83","28.73","25.29M","-0.47%"
"Apr 10, 2018","29.53","28.36","30.30","28.28","28.84M","5.43%"
"Apr 09, 2018","28.01","28.10","28.79","28.00","13.97M","-0.32%"
"Apr 06, 2018","28.10","28.28","29.06","27.97","15.32M","-1.89%"
"Apr 05, 2018","28.64","28.51","29.33","28.10","24.41M","1.38%"
"Apr 04, 2018","28.25","26.85","28.34","26.60","22.00M","2.58%"
"Apr 03, 2018","27.54","28.36","28.87","27.22","26.07M","-1.78%"
"Apr 02, 2018","28.04","28.37","28.77","27.75","24.35M","-3.34%"
"Mar 29, 2018","29.01","28.76","29.33","27.90","36.83M","1.97%"
"Mar 28, 2018","28.45","27.78","29.11","27.39","47.85M","1.35%"
"Mar 27, 2018","28.07","31.85","31.90","27.88","80.42M","-12.03%"
"Mar 26, 2018","31.91","31.69","32.47","30.70","25.55M","2.84%"
"Mar 23, 2018","31.03","31.26","32.00","30.79","24.88M","-0.54%"
"Mar 22, 2018","31.20","31.77","32.13","31.18","29.56M","-4.67%"
"Mar 21, 2018","32.73","32.19","33.15","32.05","43.67M","4.40%"
"Mar 20, 2018","31.35","34.92","34.95","30.61","82.94M","-10.38%"
"Mar 19, 2018","34.98","35.13","35.74","34.41","22.19M","-1.69%"
"Mar 16, 2018","35.58","36.00","36.20","35.52","13.83M","-0.61%"
"Mar 15, 2018","35.80","36.41","36.48","35.40","21.06M","-2.19%"
"Mar 14, 2018","36.60","34.30","36.80","34.09","41.63M","7.30%"
"Mar 13, 2018","34.11","35.40","35.53","33.90","22.10M","-3.92%"
"Mar 12, 2018","35.50","35.53","35.73","34.83","21.08M","0.42%"
"Mar 09, 2018","35.35","35.20","35.50","34.94","19.12M","1.43%"
"Mar 08, 2018","34.85","35.42","35.84","34.68","24.85M","-2.54%"
"Mar 07, 2018","35.76","33.99","35.82","33.99","33.66M","3.86%"
"Mar 06, 2018","34.43","34.58","34.95","33.86","22.64M","-0.43%"
"Mar 05, 2018","34.58","32.90","34.95","32.58","34.84M","4.79%"
"Mar 02, 2018","33.00","31.93","33.03","31.49","24.92M","2.36%"
"Mar 01, 2018","32.24","31.95","32.56","31.26","25.03M","1.19%"
"Feb 28, 2018","31.86","31.50","32.85","31.47","24.18M","1.72%"
"Feb 27, 2018","31.32","31.91","32.21","31.26","16.54M","-2.61%"
"Feb 26, 2018","32.16","32.70","32.70","31.96","15.77M","-1.53%"
"Feb 23, 2018","32.66","32.20","32.69","31.97","17.28M","1.71%"
"Feb 22, 2018","32.11","33.43","33.45","31.63","29.18M","-3.80%"
"Feb 21, 2018","33.38","33.03","34.05","32.65","29.59M","1.64%"
"Feb 20, 2018","32.84","32.88","33.57","32.68","22.77M","-0.67%"
"Feb 16, 2018","33.06","33.37","33.50","32.68","27.90M","-1.64%"
"Feb 15, 2018","33.61","34.03","34.38","33.06","32.02M","-0.41%"
"Feb 14, 2018","33.75","32.85","33.98","32.55","39.34M","0.93%"
"Feb 13, 2018","33.44","30.67","33.65","30.64","57.65M","8.05%"
"Feb 12, 2018","30.95","31.44","31.90","30.86","37.00M","-1.78%"
"Feb 09, 2018","31.51","30.37","31.80","29.68","67.18M","4.41%"
"Feb 08, 2018","30.18","34.15","35.00","29.71","162.43M","12.15%"
"Feb 07, 2018","26.91","25.83","27.08","25.76","48.91M","6.62%"
"Feb 06, 2018","25.24","24.59","25.58","24.20","26.65M","0.44%"
"Feb 05, 2018","25.13","25.37","26.64","24.10","33.92M","-3.05%"
"Feb 02, 2018","25.92","26.56","27.03","25.70","32.49M","-4.50%"
"Feb 01, 2018","27.14","25.52","27.33","25.44","47.58M","5.15%"
"Jan 31, 2018","25.81","25.61","26.65","25.14","40.45M","0.74%"
"Jan 30, 2018","25.62","24.83","26.40","24.55","52.39M","1.75%"
"Jan 29, 2018","25.18","24.40","25.55","24.10","52.74M","3.75%"
"Jan 26, 2018","24.27","22.39","24.35","22.30","49.68M","9.52%"
"Jan 25, 2018","22.16","22.50","22.68","22.04","15.50M","-0.94%"
"Jan 24, 2018","22.37","22.84","23.05","22.10","23.19M","-1.67%"
"Jan 23, 2018","22.75","22.51","23.17","22.41","35.32M","-2.44%"
"Jan 22, 2018","23.32","23.17","23.50","22.86","23.01M","-1.44%"
"Jan 19, 2018","23.66","24.12","24.22","23.50","17.53M","-1.58%"
"Jan 18, 2018","24.04","24.50","24.52","23.72","21.12M","-2.12%"
"Jan 17, 2018","24.56","24.84","24.95","24.22","17.03M","-0.41%"
"Jan 16, 2018","24.66","25.58","25.71","24.51","32.34M","-2.95%"
"Jan 12, 2018","25.41","24.94","25.85","24.93","37.05M","4.35%"
"Jan 11, 2018","24.35","24.30","24.37","23.90","11.67M","0.41%"
"Jan 10, 2018","24.25","24.00","24.42","23.76","10.42M","0.33%"
"Jan 09, 2018","24.17","24.63","24.71","24.07","12.59M","-1.71%"
"Jan 08, 2018","24.59","24.37","24.78","23.88","17.83M","1.11%"
"Jan 05, 2018","24.32","24.07","24.57","23.88","14.95M","1.38%"
"Jan 04, 2018","23.99","24.50","24.59","23.68","17.65M","-1.88%"
"Jan 03, 2018","24.45","24.56","24.68","24.07","12.83M","-0.24%"
"Jan 02, 2018","24.51","24.07","24.57","23.85","15.30M","2.08%"
"Dec 29, 2017","24.01","24.27","24.33","23.91","10.39M","-1.23%"
"Dec 28, 2017","24.31","24.25","24.60","24.17","9.77M","0.33%"
"Dec 27, 2017","24.23","24.26","24.54","24.07","9.12M","-0.12%"
"Dec 26, 2017","24.26","24.26","24.57","24.13","10.12M","-0.82%"
"Dec 22, 2017","24.46","25.03","25.27","24.38","16.11M","-2.36%"
"Dec 21, 2017","25.05","25.06","25.56","24.70","19.60M","-0.60%"
"Dec 20, 2017","25.20","25.44","25.44","24.69","20.69M","0.48%"
"Dec 19, 2017","25.08","24.61","25.49","23.92","46.04M","1.62%"
"Dec 18, 2017","24.68","23.23","24.74","23.13","48.97M","11.02%"
"Dec 15, 2017","22.23","22.61","22.86","22.18","17.96M","-1.55%"
"Dec 14, 2017","22.58","21.79","23.24","21.62","34.07M","4.25%"
"Dec 13, 2017","21.66","21.77","21.98","21.52","17.28M","0.05%"
"Dec 12, 2017","21.65","22.01","22.25","21.62","14.30M","-1.81%"
"Dec 11, 2017","22.05","21.10","22.20","21.10","17.24M","4.50%"
"Dec 08, 2017","21.10","21.15","21.40","20.95","14.87M","0.43%"
"Dec 07, 2017","21.01","21.12","21.45","20.97","11.86M","-0.38%"
"Dec 06, 2017","21.09","20.52","21.40","20.40","14.02M","1.54%"
"Dec 05, 2017","20.77","20.30","20.93","20.30","10.65M","1.81%"
"Dec 04, 2017","20.40","20.85","20.94","20.23","11.64M","-1.50%"
"Dec 01, 2017","20.71","20.52","20.98","20.12","15.27M","0.63%"
"Nov 30, 2017","20.58","21.01","21.12","20.51","15.82M","-1.01%"
"Nov 29, 2017","20.79","21.82","22.11","20.52","23.68M","-4.76%"
"Nov 28, 2017","21.83","21.85","22.15","21.56","13.85M","0.05%"
"Nov 27, 2017","21.82","22.36","22.40","21.70","19.67M","-2.68%"
"Nov 24, 2017","22.42","22.40","22.48","22.17","7.58M","0.67%"
"Nov 22, 2017","22.27","21.90","22.40","21.80","21.16M","1.78%"
"Nov 21, 2017","21.88","21.20","21.91","21.15","18.34M","3.55%"
"Nov 20, 2017","21.13","20.78","21.26","20.70","16.82M","1.78%"
"Nov 17, 2017","20.76","20.26","20.79","20.25","12.85M","1.96%"
"Nov 16, 2017","20.36","20.06","20.49","19.98","12.97M","2.26%"
"Nov 15, 2017","19.91","19.82","20.33","19.73","11.19M","-0.70%"
"Nov 14, 2017","20.05","20.17","20.45","19.88","11.92M","-0.59%"
"Nov 13, 2017","20.17","20.16","20.30","19.93","11.80M","-0.74%"
"Nov 10, 2017","20.32","19.79","20.58","19.74","16.29M","2.11%"
"Nov 09, 2017","19.90","19.40","20.24","19.36","20.27M","1.58%"
"Nov 08, 2017","19.59","19.70","19.98","19.37","16.29M","-0.36%"
"Nov 07, 2017","19.66","19.55","20.18","19.51","22.24M","1.39%"
"Nov 06, 2017","19.39","19.78","19.85","19.26","25.60M","-2.56%"
"Nov 03, 2017","19.90","19.87","20.24","19.52","22.26M","0.96%"
"Nov 02, 2017","19.71","20.50","20.63","19.64","24.48M","-4.37%"
"Nov 01, 2017","20.61","20.74","20.99","20.40","18.83M","-0.05%"
"Oct 31, 2017","20.62","21.26","21.56","20.46","28.05M","-2.96%"
"Oct 30, 2017","21.25","21.40","21.77","21.06","34.02M","-1.98%"
"Oct 27, 2017","21.68","20.18","21.96","20.15","63.61M","6.75%"
"Oct 26, 2017","20.31","19.22","20.63","18.90","112.28M","18.49%"
"Oct 25, 2017","17.14","17.20","17.41","17.03","19.77M","-0.64%"
"Oct 24, 2017","17.25","17.50","17.60","17.23","12.55M","-0.69%"
"Oct 23, 2017","17.37","17.94","17.95","17.34","14.02M","-2.80%"
"Oct 20, 2017","17.87","17.98","18.06","17.83","7.26M","-0.11%"
"Oct 19, 2017","17.89","17.84","17.95","17.65","9.28M","-0.72%"
"Oct 18, 2017","18.02","18.23","18.35","17.97","7.77M","-1.42%"
"Oct 17, 2017","18.28","18.31","18.46","18.11","8.94M","-0.27%"
"Oct 16, 2017","18.33","18.59","18.61","18.23","13.01M","-1.61%"
"Oct 13, 2017","18.63","18.45","18.79","18.35","15.81M","0.98%"
"Oct 12, 2017","18.45","17.77","18.66","17.73","30.72M","4.06%"
"Oct 11, 2017","17.73","17.47","17.78","17.43","9.99M","1.84%"
"Oct 10, 2017","17.41","17.77","17.93","17.39","10.19M","-1.47%"
"Oct 09, 2017","17.67","17.82","18.05","17.65","8.81M","-1.01%"
"Oct 06, 2017","17.85","18.03","18.13","17.66","16.42M","-2.19%"
"Oct 05, 2017","18.25","17.80","18.29","17.74","21.25M","2.82%"
"Oct 04, 2017","17.75","17.82","17.82","17.50","17.35M","0.91%"
"Oct 03, 2017","17.59","17.13","17.63","17.12","13.04M","2.93%"
"Oct 02, 2017","17.09","16.80","17.15","16.78","8.46M","1.30%"
"Sep 29, 2017","16.87","16.89","17.04","16.75","9.38M","0.12%"
"Sep 28, 2017","16.85","16.87","16.93","16.75","7.04M","-0.59%"
"Sep 27, 2017","16.95","16.90","17.05","16.75","9.07M","2.17%"
"Sep 26, 2017","16.59","17.03","17.16","16.57","12.93M","-2.30%"
"Sep 25, 2017","16.98","17.60","17.72","16.82","13.25M","-3.58%"
"Sep 22, 2017","17.61","17.49","17.63","17.42","5.55M","0.17%"
"Sep 21, 2017","17.58","17.60","17.65","17.35","6.95M","-0.23%"
"Sep 20, 2017","17.62","17.80","17.84","17.51","7.72M","-0.79%"
"Sep 19, 2017","17.76","17.66","17.80","17.48","7.09M","0.91%"
"Sep 18, 2017","17.60","18.01","18.09","17.47","14.71M","-2.28%"
"Sep 15, 2017","18.01","18.25","18.39","17.95","12.65M","-1.10%"
"Sep 14, 2017","18.21","18.15","18.27","17.94","9.30M","0.05%"
"Sep 13, 2017","18.20","18.15","18.49","18.09","13.71M","0.17%"
"Sep 12, 2017","18.17","17.70","18.29","17.70","19.80M","2.89%"
"Sep 11, 2017","17.66","17.47","17.78","17.27","14.00M","1.20%"
"Sep 08, 2017","17.45","17.19","17.46","17.08","11.61M","1.34%"
"Sep 07, 2017","17.22","16.85","17.41","16.83","14.66M","2.32%"
"Sep 06, 2017","16.83","16.65","17.05","16.52","12.34M","1.08%"
"Sep 05, 2017","16.65","16.82","16.90","16.44","10.50M","-1.25%"
"Sep 01, 2017","16.86","16.97","17.00","16.58","8.52M","-0.30%"
"Aug 31, 2017","16.91","16.99","17.10","16.88","7.86M","-0.12%"
"Aug 30, 2017","16.93","16.92","17.04","16.80","6.62M","0.00%"
"Aug 29, 2017","16.93","16.61","17.05","16.60","11.44M","0.95%"
"Aug 28, 2017","16.77","16.61","16.88","16.61","7.78M","0.72%"
"Aug 25, 2017","16.65","16.65","16.82","16.51","11.50M","-1.42%"
"Aug 24, 2017","16.89","17.07","17.07","16.78","10.39M","-0.41%"
"Aug 23, 2017","16.96","16.46","17.05","16.44","15.18M","1.98%"
"Aug 22, 2017","16.63","16.14","16.65","16.14","11.05M","3.23%"
"Aug 21, 2017","16.11","16.00","16.25","15.93","12.08M","0.75%"
"Aug 18, 2017","15.99","15.85","16.07","15.77","7.81M","0.76%"
"Aug 17, 2017","15.87","16.15","16.29","15.86","9.22M","-1.79%"
"Aug 16, 2017","16.16","15.97","16.36","15.96","15.92M","1.32%"
"Aug 15, 2017","15.95","16.12","16.22","15.93","5.95M","-0.87%"
"Aug 14, 2017","16.09","16.15","16.28","16.01","9.89M","1.07%"
"Aug 11, 2017","15.92","15.67","16.06","15.67","8.44M","1.08%"
"Aug 10, 2017","15.75","16.03","16.18","15.73","11.91M","-2.42%"
"Aug 09, 2017","16.14","16.04","16.16","15.96","7.76M","-0.06%"
"Aug 08, 2017","16.15","16.33","16.48","16.05","12.13M","-1.52%"
"Aug 07, 2017","16.40","16.38","16.42","16.24","9.14M","0.68%"
"Aug 04, 2017","16.29","16.20","16.43","16.13","15.08M","0.68%"
"Aug 03, 2017","16.18","16.07","16.42","16.05","15.10M","0.68%"
"Aug 02, 2017","16.07","16.21","16.29","15.95","13.28M","-0.86%"
"Aug 01, 2017","16.21","16.20","16.32","15.91","21.62M","0.75%"
"Jul 31, 2017","16.09","16.60","16.62","16.00","35.95M","-3.94%"
"Jul 28, 2017","16.75","16.66","17.20","16.52","26.22M","-0.53%"
"Jul 27, 2017","16.84","17.36","17.60","16.50","86.68M","-14.13%"
"Jul 26, 2017","19.61","20.00","20.02","19.27","24.30M","-1.80%"
"Jul 25, 2017","19.97","19.98","20.18","19.69","13.59M","-0.15%"
"Jul 24, 2017","20.00","20.28","20.62","19.82","17.20M","-0.55%"
"Jul 21, 2017","20.11","20.35","20.36","20.00","15.30M","-2.05%"
"Jul 20, 2017","20.53","20.18","20.88","20.18","24.79M","2.04%"
"Jul 19, 2017","20.12","20.03","20.21","19.83","13.47M","0.70%"
"Jul 18, 2017","19.98","19.76","19.99","19.41","15.55M","0.20%"
"Jul 17, 2017","19.94","19.80","20.24","19.73","24.15M","1.53%"
"Jul 14, 2017","19.64","19.35","19.97","19.33","20.84M","1.66%"
"Jul 13, 2017","19.32","19.54","19.67","19.08","17.52M","0.36%"
"Jul 12, 2017","19.25","18.92","19.54","18.91","30.01M","3.27%"
"Jul 11, 2017","18.64","18.14","18.66","18.10","18.11M","3.10%"
"Jul 10, 2017","18.08","18.05","18.15","17.77","8.61M","0.33%"
"Jul 07, 2017","18.02","18.00","18.34","17.97","13.43M","0.56%"
"Jul 06, 2017","17.92","17.65","18.58","17.63","18.66M","0.56%"
"Jul 05, 2017","17.82","17.68","17.96","17.42","8.82M","0.96%"
"Jul 03, 2017","17.65","17.94","18.01","17.41","9.04M","-1.23%"
"Jun 30, 2017","17.87","17.66","18.07","17.47","13.43M","1.25%"
"Jun 29, 2017","17.65","17.93","17.94","17.23","18.80M","-1.67%"
"Jun 28, 2017","17.95","18.22","18.23","17.75","17.40M","-0.94%"
"Jun 27, 2017","18.12","18.43","18.60","18.12","14.75M","-0.93%"
"Jun 26, 2017","18.29","18.55","19.01","18.11","17.42M","-1.14%"
"Jun 23, 2017","18.50","18.15","18.63","18.15","24.82M","1.93%"
"Jun 22, 2017","18.15","17.85","18.38","17.66","20.73M","2.08%"
"Jun 21, 2017","17.78","17.11","18.04","17.11","23.73M","5.14%"
"Jun 20, 2017","16.91","17.15","17.15","16.84","8.52M","-0.88%"
"Jun 19, 2017","17.06","16.77","17.08","16.75","11.32M","2.34%"
"Jun 16, 2017","16.67","16.75","16.81","16.55","9.94M","-0.95%"
"Jun 15, 2017","16.83","16.53","16.89","16.46","11.89M","0.42%"
"Jun 14, 2017","16.76","17.05","17.13","16.57","12.66M","-1.24%"
"Jun 13, 2017","16.97","17.12","17.22","16.76","13.22M","-0.41%"
"Jun 12, 2017","17.04","16.73","17.19","16.27","20.52M","0.83%"
"Jun 09, 2017","16.90","17.65","17.66","16.45","21.31M","-3.92%"
"Jun 08, 2017","17.59","17.44","17.61","17.27","10.55M","0.86%"
"Jun 07, 2017","17.44","17.62","17.75","17.30","15.87M","-0.74%"
"Jun 06, 2017","17.57","18.10","18.15","17.47","22.81M","-3.62%"
"Jun 05, 2017","18.23","18.29","18.34","18.02","10.58M","-0.44%"
"Jun 02, 2017","18.31","18.53","18.58","18.22","9.38M","-1.19%"
"Jun 01, 2017","18.53","18.22","18.66","18.20","13.18M","1.15%"
"May 31, 2017","18.32","18.48","18.60","18.08","17.42M","-0.60%"
"May 30, 2017","18.43","18.21","18.72","18.18","18.19M","1.10%"
"May 26, 2017","18.23","17.99","18.30","17.95","10.46M","1.56%"
"May 25, 2017","17.95","18.04","18.27","17.94","9.58M","-0.17%"
"May 24, 2017","17.98","18.10","18.34","17.83","15.57M","-0.94%"
"May 23, 2017","18.15","18.41","18.51","17.98","16.84M","-1.52%"
"May 22, 2017","18.43","18.35","18.52","18.27","11.38M","0.44%"
"May 19, 2017","18.35","18.68","18.90","18.27","16.16M","-0.86%"
"May 18, 2017","18.51","18.17","18.61","17.97","19.89M","1.26%"
"May 17, 2017","18.28","18.99","19.25","18.22","30.11M","-6.21%"
"May 16, 2017","19.49","19.38","19.79","19.09","35.73M","1.35%"
"May 15, 2017","19.23","18.69","19.32","18.63","22.62M","3.33%"
"May 12, 2017","18.61","18.45","19.05","18.34","22.04M","1.20%"
"May 11, 2017","18.39","18.63","18.75","18.31","12.48M","-0.81%"
"May 10, 2017","18.54","18.37","18.56","18.25","9.99M","0.93%"
"May 09, 2017","18.37","18.31","18.49","18.20","12.51M","0.33%"
"May 08, 2017","18.31","18.68","18.68","18.16","18.96M","-2.03%"
"May 05, 2017","18.69","18.45","18.73","18.37","15.06M","1.14%"
"May 04, 2017","18.48","18.60","18.89","18.36","24.62M","-0.48%"
"May 03, 2017","18.57","18.37","18.59","18.15","29.81M","1.81%"
"May 02, 2017","18.24","17.57","18.53","17.35","64.57M","3.99%"
"May 01, 2017","17.54","17.14","17.65","16.97","47.46M","6.43%"
"Apr 28, 2017","16.48","16.50","16.79","16.43","26.56M","-0.78%"
"Apr 27, 2017","16.61","15.80","16.63","15.80","41.16M","4.99%"
"Apr 26, 2017","15.82","15.90","16.48","15.76","79.31M","7.91%"
"Apr 25, 2017","14.66","14.71","14.96","14.63","20.51M","-0.34%"
"Apr 24, 2017","14.71","14.70","14.82","14.56","12.78M","0.55%"
"Apr 21, 2017","14.63","14.65","14.75","14.41","13.79M","-0.14%"
"Apr 20, 2017","14.65","14.58","14.75","14.51","9.56M","0.76%"
"Apr 19, 2017","14.54","14.44","14.79","14.44","14.27M","0.69%"
"Apr 18, 2017","14.44","14.37","14.56","14.27","9.70M","0.28%"
"Apr 17, 2017","14.40","14.30","14.55","14.12","10.40M","0.70%"
"Apr 13, 2017","14.30","14.49","14.50","14.22","10.55M","-0.83%"
"Apr 12, 2017","14.42","14.34","14.78","14.26","12.92M","0.77%"
"Apr 11, 2017","14.31","14.30","14.40","14.20","7.61M","-0.35%"
"Apr 10, 2017","14.36","14.30","14.46","14.20","10.01M","0.49%"
"Apr 07, 2017","14.29","14.36","14.43","14.25","8.27M","-0.69%"
"Apr 06, 2017","14.39","14.53","14.62","14.30","18.11M","-0.96%"
"Apr 05, 2017","14.53","14.61","14.81","14.41","13.82M","-1.09%"
"Apr 04, 2017","14.69","14.75","14.76","14.58","8.94M","-1.01%"
"Apr 03, 2017","14.84","14.97","14.98","14.65","11.60M","-0.74%"
"Mar 31, 2017","14.95","14.93","15.06","14.91","8.40M","0.20%"
"Mar 30, 2017","14.92","15.05","15.08","14.90","8.45M","-0.80%"
"Mar 29, 2017","15.04","14.86","15.06","14.70","11.08M","0.67%"
"Mar 28, 2017","14.94","15.00","15.17","14.80","14.84M","-0.33%"
"Mar 27, 2017","14.99","15.02","15.05","14.75","10.46M","-0.99%"
"Mar 24, 2017","15.14","15.06","15.37","15.03","15.55M","1.41%"
"Mar 23, 2017","14.93","14.99","15.05","14.73","11.63M","-0.33%"
"Mar 22, 2017","14.98","14.50","14.99","14.32","21.05M","3.03%"
"Mar 21, 2017","14.54","15.08","15.10","14.50","19.10M","-3.64%"
"Mar 20, 2017","15.09","15.11","15.11","14.82","12.50M","0.07%"
"Mar 17, 2017","15.08","15.20","15.23","15.03","10.99M","-0.72%"
"Mar 16, 2017","15.19","15.08","15.28","15.04","11.67M","1.06%"
"Mar 15, 2017","15.03","15.25","15.30","14.85","19.38M","-1.89%"
"Mar 14, 2017","15.32","15.20","15.58","15.15","15.05M","0.72%"
"Mar 13, 2017","15.21","15.10","15.27","15.10","8.73M","0.60%"
"Mar 10, 2017","15.12","15.23","15.27","14.94","13.70M","-0.66%"
"Mar 09, 2017","15.22","15.24","15.38","15.03","10.96M","-0.13%"
"Mar 08, 2017","15.24","15.19","15.36","15.08","12.66M","0.40%"
"Mar 07, 2017","15.18","15.52","15.73","15.16","16.72M","-2.44%"
"Mar 06, 2017","15.56","15.75","15.78","15.50","11.46M","-1.21%"
"Mar 03, 2017","15.75","15.84","16.10","15.68","15.19M","-0.25%"
"Mar 02, 2017","15.79","15.77","16.00","15.72","12.40M","0.00%"
"Mar 01, 2017","15.79","15.90","15.90","15.59","18.17M","0.13%"
"Feb 28, 2017","15.77","16.00","16.04","15.74","10.87M","-1.81%"
"Feb 27, 2017","16.06","15.93","16.13","15.72","13.65M","0.50%"
"Feb 24, 2017","15.98","15.95","15.98","15.85","9.14M","-0.31%"
"Feb 23, 2017","16.03","16.12","16.27","15.90","15.30M","-0.31%"
"Feb 22, 2017","16.08","16.40","16.51","16.01","13.61M","-2.07%"
"Feb 21, 2017","16.42","16.64","16.69","16.30","16.03M","-1.20%"
"Feb 17, 2017","16.62","16.36","16.62","16.36","14.38M","1.65%"
"Feb 16, 2017","16.35","16.69","16.79","16.32","21.64M","-2.33%"
"Feb 15, 2017","16.74","16.85","16.89","16.30","35.20M","1.33%"
"Feb 14, 2017","16.52","15.92","16.60","15.85","35.09M","4.49%"
"Feb 13, 2017","15.81","15.63","15.99","15.51","29.14M","1.48%"
"Feb 10, 2017","15.58","15.96","16.00","15.50","73.06M","-5.06%"
"Feb 09, 2017","16.41","17.05","17.12","16.26","109.30M","-12.34%"
"Feb 08, 2017","18.72","18.77","18.77","18.05","37.42M","2.52%"
"Feb 07, 2017","18.26","18.00","18.67","17.99","26.83M","1.84%"
"Feb 06, 2017","17.93","17.70","17.97","17.41","13.23M","1.82%"
"Feb 03, 2017","17.61","17.72","17.85","17.44","14.43M","-0.96%"
"Feb 02, 2017","17.78","17.33","17.86","17.12","19.42M","3.13%"
"Feb 01, 2017","17.24","17.84","17.92","17.10","21.21M","-2.16%"
"Jan 31, 2017","17.62","16.95","17.74","16.91","25.87M","4.01%"
"Jan 30, 2017","16.94","16.57","17.10","16.41","18.29M","2.23%"
"Jan 27, 2017","16.57","16.91","16.97","16.53","11.86M","-1.43%"
"Jan 26, 2017","16.81","16.86","17.07","16.79","10.09M","0.48%"
"Jan 25, 2017","16.73","16.70","16.79","16.59","10.97M","1.27%"
"Jan 24, 2017","16.52","16.61","16.66","16.33","12.74M","-0.54%"
"Jan 23, 2017","16.61","16.57","16.81","16.46","11.79M","0.18%"
"Jan 20, 2017","16.58","16.82","16.90","16.46","14.84M","-1.25%"
"Jan 19, 2017","16.79","17.09","17.15","16.75","12.74M","-1.87%"
"Jan 18, 2017","17.11","17.01","17.14","16.83","12.72M","0.88%"
"Jan 17, 2017","16.96","17.07","17.09","16.86","13.15M","-1.68%"
"Jan 13, 2017","17.25","17.38","17.66","17.23","11.40M","-0.75%"
"Jan 12, 2017","17.38","17.13","17.39","16.96","12.38M","0.46%"
"Jan 11, 2017","17.30","17.46","17.60","17.17","10.98M","-0.40%"
"Jan 10, 2017","17.37","17.51","17.78","17.32","10.47M","-0.74%"
"Jan 09, 2017","17.50","17.22","17.55","17.19","11.92M","1.92%"
"Jan 06, 2017","17.17","17.24","17.43","17.11","14.67M","0.47%"
"Jan 05, 2017","17.09","16.91","17.27","16.80","17.07M","1.36%"
"Jan 04, 2017","16.86","16.50","16.94","16.50","15.86M","2.55%"
"Jan 03, 2017","16.44","16.31","16.45","16.21","11.15M","0.86%"
"Dec 30, 2016","16.30","16.31","16.57","16.22","14.01M","-0.55%"
"Dec 29, 2016","16.39","16.39","16.65","16.30","14.70M","0.00%"
"Dec 28, 2016","16.39","16.63","16.73","16.29","13.51M","-1.32%"
"Dec 27, 2016","16.61","16.52","16.87","16.42","13.04M","0.67%"
"Dec 23, 2016","16.50","16.34","16.67","16.16","18.05M","0.55%"
"Dec 22, 2016","16.41","16.82","16.89","16.27","27.95M","-3.92%"
"Dec 21, 2016","17.08","17.52","17.55","17.01","34.61M","-4.69%"
"Dec 20, 2016","17.92","18.23","18.32","17.87","16.80M","-1.75%"
"Dec 19, 2016","18.24","18.60","18.70","18.22","12.25M","-2.09%"
"Dec 16, 2016","18.63","18.76","18.89","18.53","14.24M","-0.85%"
"Dec 15, 2016","18.79","18.94","19.15","18.71","11.96M","-0.74%"
"Dec 14, 2016","18.93","19.40","19.62","18.89","13.47M","-2.27%"
"Dec 13, 2016","19.37","18.97","19.59","18.94","15.13M","2.32%"
"Dec 12, 2016","18.93","19.48","19.70","18.90","15.61M","-3.66%"
"Dec 09, 2016","19.65","19.56","19.84","19.38","15.96M","0.05%"
"Dec 08, 2016","19.64","19.50","19.71","19.08","19.70M","0.82%"
"Dec 07, 2016","19.48","18.26","19.55","18.20","32.19M","6.86%"
"Dec 06, 2016","18.23","18.31","18.50","18.13","14.03M","0.00%"
"Dec 05, 2016","18.23","17.96","18.36","17.87","12.12M","1.67%"
"Dec 02, 2016","17.93","18.00","18.16","17.86","12.21M","-0.55%"
"Dec 01, 2016","18.03","18.82","18.83","17.73","19.61M","-2.49%"
"Nov 30, 2016","18.49","18.20","18.80","18.18","20.61M","1.65%"
"Nov 29, 2016","18.19","18.22","18.68","18.13","13.55M","-0.60%"
"Nov 28, 2016","18.30","18.00","18.30","17.85","19.28M","1.33%"
"Nov 25, 2016","18.06","18.27","18.31","18.03","7.86M","-0.88%"
"Nov 23, 2016","18.22","18.45","18.59","18.08","16.98M","-2.20%"
"Nov 22, 2016","18.63","18.66","18.87","18.51","10.69M","0.16%"
"Nov 21, 2016","18.60","18.72","18.91","18.59","13.10M","-0.69%"
"Nov 18, 2016","18.73","18.73","18.91","18.64","12.50M","0.97%"
"Nov 17, 2016","18.55","18.70","18.96","18.53","16.26M","-0.43%"
"Nov 16, 2016","18.63","18.98","19.15","18.59","14.99M","-1.84%"
"Nov 15, 2016","18.98","19.15","19.51","18.91","19.56M","-0.84%"
"Nov 14, 2016","19.14","18.75","19.20","18.50","23.12M","3.18%"
"Nov 11, 2016","18.55","18.35","18.73","18.07","15.36M","0.98%"
"Nov 10, 2016","18.37","19.04","19.30","18.03","31.10M","-3.97%"
"Nov 09, 2016","19.13","17.96","19.23","17.91","34.17M","4.08%"
"Nov 08, 2016","18.38","18.22","18.56","17.77","19.99M","-0.16%"
"Nov 07, 2016","18.41","18.11","18.69","18.11","26.01M","2.16%"
"Nov 04, 2016","18.02","17.52","18.34","17.50","30.99M","2.50%"
"Nov 03, 2016","17.58","17.55","17.86","17.26","17.08M","-0.17%"
"Nov 02, 2016","17.61","17.43","17.95","17.38","20.96M","0.69%"
"Nov 01, 2016","17.49","17.84","18.00","17.26","22.62M","-2.56%"
"Oct 31, 2016","17.95","17.65","18.04","17.64","19.53M","1.64%"
"Oct 28, 2016","17.66","17.70","18.00","17.50","29.38M","1.49%"
"Oct 27, 2016","17.40","18.00","18.12","17.07","63.79M","0.64%"
"Oct 26, 2016","17.29","17.58","17.66","17.17","35.26M","0.17%"
"Oct 25, 2016","17.26","17.82","17.84","17.15","32.46M","-4.27%"
"Oct 24, 2016","18.03","17.60","18.37","17.49","41.78M","-0.33%"
"Oct 21, 2016","18.09","16.95","18.35","16.74","58.50M","7.04%"
"Oct 20, 2016","16.90","17.04","17.07","16.82","15.12M","-1.00%"
"Oct 19, 2016","17.07","16.94","17.26","16.88","17.39M","1.43%"
"Oct 18, 2016","16.83","16.86","17.13","16.79","18.48M","0.60%"
"Oct 17, 2016","16.73","16.76","16.98","16.43","25.80M","-0.89%"
"Oct 14, 2016","16.88","17.88","18.05","16.28","73.68M","-5.12%"
"Oct 13, 2016","17.79","17.86","17.99","17.67","18.69M","-1.44%"
"Oct 12, 2016","18.05","18.19","18.19","17.81","23.54M","0.28%"
"Oct 11, 2016","18.00","18.18","18.20","17.65","49.16M","2.51%"
"Oct 10, 2016","17.56","17.49","18.24","16.93","105.89M","-11.54%"
"Oct 07, 2016","19.85","19.95","20.53","19.64","38.68M","-0.10%"
"Oct 06, 2016","19.87","20.46","21.00","19.60","109.39M","-20.10%"
"Oct 05, 2016","24.87","24.32","25.25","24.13","63.72M","5.74%"
"Oct 04, 2016","23.52","23.75","23.79","23.34","22.23M","-2.00%"
"Oct 03, 2016","24.00","23.78","24.25","23.45","37.56M","4.12%"
"Sep 30, 2016","23.05","23.02","23.25","22.82","17.43M","0.17%"
"Sep 29, 2016","23.01","22.92","23.36","22.86","26.46M","0.22%"
"Sep 28, 2016","22.96","23.42","23.63","22.44","44.51M","-3.20%"
"Sep 27, 2016","23.72","23.21","23.98","22.90","65.49M","1.50%"
"Sep 26, 2016","23.37","21.79","23.57","21.65","95.40M","3.32%"
"Sep 23, 2016","22.62","21.50","22.89","21.11","192.42M","21.42%"
"Sep 22, 2016","18.63","18.52","18.92","18.44","16.32M","0.76%"
"Sep 21, 2016","18.49","18.44","18.50","18.13","16.21M","0.54%"
"Sep 20, 2016","18.39","18.30","18.64","18.23","15.91M","0.16%"
"Sep 19, 2016","18.36","19.22","19.24","18.28","23.41M","-3.92%"
"Sep 16, 2016","19.11","18.90","19.25","18.74","40.35M","4.43%"
"Sep 15, 2016","18.30","18.30","18.42","18.06","14.54M","1.22%"
"Sep 14, 2016","18.08","17.93","18.39","17.90","16.14M","1.80%"
"Sep 13, 2016","17.76","17.99","18.10","17.52","15.89M","-2.15%"
"Sep 12, 2016","18.15","17.96","18.24","17.68","18.29M","0.22%"
"Sep 09, 2016","18.11","18.40","18.82","17.92","30.86M","-3.16%"
"Sep 08, 2016","18.70","18.81","19.31","18.59","45.23M","-5.89%"
"Sep 07, 2016","19.87","20.05","20.65","19.80","26.59M","-0.30%"
"Sep 06, 2016","19.93","19.74","20.14","19.48","24.17M","1.94%"
"Sep 02, 2016","19.55","19.62","19.87","19.35","19.89M","0.26%"
"Sep 01, 2016","19.50","19.37","20.14","19.27","39.76M","1.51%"
"Aug 31, 2016","19.21","18.39","19.60","18.38","34.22M","4.52%"
"Aug 30, 2016","18.38","18.59","18.69","18.32","8.91M","-0.49%"
"Aug 29, 2016","18.47","18.39","18.55","18.30","11.42M","0.93%"
"Aug 26, 2016","18.30","18.40","18.53","18.10","11.23M","-0.11%"
"Aug 25, 2016","18.32","18.33","18.65","18.23","13.28M","0.38%"
"Aug 24, 2016","18.25","18.80","18.97","18.20","16.79M","-2.35%"
"Aug 23, 2016","18.69","18.65","18.93","18.65","14.09M","0.75%"
"Aug 22, 2016","18.55","18.95","18.96","18.52","17.50M","-2.27%"
"Aug 19, 2016","18.98","18.96","19.31","18.76","17.03M","-0.11%"
"Aug 18, 2016","19.00","19.56","19.60","18.92","47.58M","-5.80%"
"Aug 17, 2016","20.17","20.43","20.44","19.90","22.76M","-1.13%"
"Aug 16, 2016","20.40","20.78","20.79","20.29","23.53M","-2.21%"
"Aug 15, 2016","20.86","19.85","21.10","19.83","58.86M","6.76%"
"Aug 12, 2016","19.54","19.71","19.71","19.01","28.40M","-1.21%"
"Aug 11, 2016","19.78","19.17","19.83","19.11","30.96M","3.89%"
"Aug 10, 2016","19.04","18.67","19.57","18.56","28.65M","1.93%"
"Aug 09, 2016","18.68","18.17","18.79","17.97","19.31M","2.64%"
"Aug 08, 2016","18.20","18.25","18.48","17.93","15.50M","-0.33%"
"Aug 05, 2016","18.26","18.19","18.58","18.14","22.81M","0.72%"
"Aug 04, 2016","18.13","17.57","18.31","17.36","33.12M","2.95%"
"Aug 03, 2016","17.61","16.34","17.88","16.33","55.61M","7.25%"
"Aug 02, 2016","16.42","16.61","16.70","16.20","16.61M","-1.32%"
"Aug 01, 2016","16.64","16.65","16.85","16.40","26.05M","0.00%"
"Jul 29, 2016","16.64","16.39","16.74","16.24","26.06M","2.02%"
"Jul 28, 2016","16.31","15.89","16.34","15.88","31.44M","3.42%"
"Jul 27, 2016","15.77","16.34","16.59","15.69","83.16M","-14.53%"
"Jul 26, 2016","18.45","18.52","18.65","18.16","44.13M","-1.07%"
"Jul 25, 2016","18.65","18.43","18.70","18.17","21.49M","1.52%"
"Jul 22, 2016","18.37","18.12","18.39","17.76","19.64M","-0.11%"
"Jul 21, 2016","18.39","18.57","18.80","18.35","13.96M","-0.92%"
"Jul 20, 2016","18.56","18.52","18.76","18.45","15.03M","1.25%"
"Jul 19, 2016","18.33","18.51","18.89","18.27","27.28M","-1.72%"
"Jul 18, 2016","18.65","18.29","18.75","18.05","29.73M","3.15%"
"Jul 15, 2016","18.08","17.98","18.18","17.81","17.37M","0.67%"
"Jul 14, 2016","17.96","18.02","18.28","17.91","19.59M","1.24%"
"Jul 13, 2016","17.74","18.21","18.32","17.50","17.93M","-1.99%"
"Jul 12, 2016","18.10","17.98","18.38","17.92","23.82M","2.20%"
"Jul 11, 2016","17.71","17.59","17.88","17.52","24.04M","-2.05%"
"Jul 08, 2016","18.08","17.53","18.16","17.47","24.88M","4.09%"
"Jul 07, 2016","17.37","17.24","17.68","17.24","13.49M","0.99%"
"Jul 06, 2016","17.20","17.02","17.34","16.81","15.67M","0.35%"
"Jul 05, 2016","17.14","17.25","17.28","16.76","15.72M","-0.81%"
"Jul 01, 2016","17.28","16.93","17.50","16.90","20.74M","2.19%"
"Jun 30, 2016","16.91","16.80","17.00","16.73","14.11M","0.48%"
"Jun 29, 2016","16.83","16.60","17.01","16.43","18.24M","2.50%"
"Jun 28, 2016","16.42","16.24","16.64","16.16","18.72M","3.66%"
"Jun 27, 2016","15.84","16.29","16.40","15.46","23.55M","-3.65%"
"Jun 24, 2016","16.44","16.24","16.90","16.20","31.56M","-3.52%"
"Jun 23, 2016","17.04","16.30","17.07","16.28","25.37M","5.64%"
"Jun 22, 2016","16.13","16.27","16.32","16.05","13.79M","-1.16%"
"Jun 21, 2016","16.32","16.48","16.56","16.17","15.09M","-0.12%"
"Jun 20, 2016","16.34","16.34","16.64","16.15","22.88M","1.49%"
"Jun 17, 2016","16.10","16.16","16.37","15.96","32.25M","1.45%"
"Jun 16, 2016","15.87","15.90","15.95","15.40","23.62M","-0.56%"
"Jun 15, 2016","15.96","15.71","16.44","15.71","53.54M","3.91%"
"Jun 14, 2016","15.36","14.82","15.42","14.80","37.40M","5.57%"
"Jun 13, 2016","14.55","14.63","15.30","14.51","43.16M","3.78%"
"Jun 10, 2016","14.02","14.45","14.45","14.00","22.09M","-3.97%"
"Jun 09, 2016","14.60","14.84","14.86","14.59","12.40M","-2.34%"
"Jun 08, 2016","14.95","15.07","15.12","14.81","12.99M","-0.33%"
"Jun 07, 2016","15.00","15.36","15.37","14.91","16.52M","-1.77%"
"Jun 06, 2016","15.27","15.22","15.45","15.18","13.77M","0.46%"
"Jun 03, 2016","15.20","15.11","15.35","14.96","15.50M","0.00%"
"Jun 02, 2016","15.20","15.04","15.26","14.85","13.19M","1.20%"
"Jun 01, 2016","15.02","15.10","15.17","14.62","18.25M","-1.31%"
"May 31, 2016","15.22","15.12","15.49","15.08","24.30M","0.79%"
"May 27, 2016","15.10","14.25","15.10","14.23","28.36M","5.59%"
"May 26, 2016","14.30","14.45","14.48","14.19","21.13M","-0.76%"
"May 25, 2016","14.41","14.07","14.57","14.06","23.18M","2.71%"
"May 24, 2016","14.03","14.22","14.22","13.72","36.23M","-2.64%"
"May 23, 2016","14.41","14.40","14.60","14.33","12.93M","-0.14%"
"May 20, 2016","14.43","14.20","14.51","14.16","18.50M","1.98%"
"May 19, 2016","14.15","14.15","14.30","14.04","15.88M","0.07%"
"May 18, 2016","14.14","14.35","14.57","14.05","14.29M","-1.39%"
"May 17, 2016","14.34","14.21","14.59","14.13","15.58M","0.35%"
"May 16, 2016","14.29","14.09","14.37","14.06","11.58M","1.35%"
"May 13, 2016","14.10","14.06","14.28","14.00","12.71M","0.14%"
"May 12, 2016","14.08","14.63","14.68","14.00","19.86M","-3.50%"
"May 11, 2016","14.59","14.61","14.86","14.44","13.79M","-0.27%"
"May 10, 2016","14.63","14.17","14.69","14.16","14.60M","3.03%"
"May 09, 2016","14.20","14.28","14.47","14.15","11.48M","-1.39%"
"May 06, 2016","14.40","14.12","14.40","13.98","21.22M","1.98%"
"May 05, 2016","14.12","14.93","14.98","14.08","29.14M","-4.85%"
"May 04, 2016","14.84","13.95","14.88","13.92","41.69M","5.92%"
"May 03, 2016","14.01","14.22","14.25","13.90","26.04M","-2.71%"
"May 02, 2016","14.40","14.73","14.77","14.17","26.13M","-1.50%"
"Apr 29, 2016","14.62","14.70","14.93","14.32","26.88M","-0.14%"
"Apr 28, 2016","14.64","14.85","15.09","14.62","34.79M","-1.48%"
"Apr 27, 2016","14.86","15.15","15.28","14.81","84.88M","-16.28%"
"Apr 26, 2016","17.75","17.21","17.98","17.08","44.65M","3.86%"
"Apr 25, 2016","17.09","17.20","17.75","16.88","18.99M","-0.81%"
"Apr 22, 2016","17.23","17.33","17.51","17.02","14.88M","-1.60%"
"Apr 21, 2016","17.51","17.48","17.77","17.42","13.62M","0.63%"
"Apr 20, 2016","17.40","16.94","17.52","16.90","17.77M","2.84%"
"Apr 19, 2016","16.92","17.37","17.39","16.68","24.79M","-2.25%"
"Apr 18, 2016","17.31","17.71","17.72","17.06","17.31M","-1.54%"
"Apr 15, 2016","17.58","17.52","17.91","17.31","16.35M","0.29%"
"Apr 14, 2016","17.53","17.38","17.70","17.14","16.23M","0.92%"
"Apr 13, 2016","17.37","16.68","17.40","16.68","22.65M","4.83%"
"Apr 12, 2016","16.57","16.50","16.77","16.15","14.94M","0.36%"
"Apr 11, 2016","16.51","16.74","16.98","16.41","14.21M","-0.84%"
"Apr 08, 2016","16.65","17.12","17.25","16.41","18.68M","-1.94%"
"Apr 07, 2016","16.98","16.88","17.59","16.85","23.32M","-1.62%"
"Apr 06, 2016","17.26","17.12","17.48","16.90","23.14M","1.23%"
"Apr 05, 2016","17.05","17.59","17.83","16.89","41.74M","-0.23%"
"Apr 04, 2016","17.09","16.00","17.54","15.96","38.26M","6.95%"
"Apr 01, 2016","15.98","16.41","16.43","15.83","21.01M","-3.44%"
"Mar 31, 2016","16.55","16.40","16.84","16.21","18.89M","1.16%"
"Mar 30, 2016","16.36","16.16","16.72","16.01","19.38M","2.44%"
"Mar 29, 2016","15.97","15.69","15.99","15.33","17.02M","2.37%"
"Mar 28, 2016","15.60","15.98","16.00","15.40","14.15M","-1.95%"
"Mar 24, 2016","15.91","15.94","15.99","15.56","14.90M","-0.62%"
"Mar 23, 2016","16.01","16.86","16.91","16.01","18.01M","-5.04%"
"Mar 22, 2016","16.86","16.75","17.01","16.70","9.57M","-0.18%"
"Mar 21, 2016","16.89","16.83","17.05","16.68","12.56M","0.24%"
"Mar 18, 2016","16.85","17.08","17.38","16.76","21.16M","0.00%"
"Mar 17, 2016","16.85","16.65","17.15","16.62","17.06M","0.90%"
"Mar 16, 2016","16.70","16.33","16.77","16.13","24.78M","3.15%"
"Mar 15, 2016","16.19","17.00","17.04","16.14","19.72M","-5.43%"
"Mar 14, 2016","17.12","16.81","17.32","16.79","16.52M","1.84%"
"Mar 11, 2016","16.81","16.77","16.94","16.46","21.49M","1.20%"
"Mar 10, 2016","16.61","17.69","17.77","16.38","33.21M","-5.95%"
"Mar 09, 2016","17.66","18.61","18.74","17.52","21.56M","-3.66%"
"Mar 08, 2016","18.33","19.10","19.15","18.33","16.40M","-4.38%"
"Mar 07, 2016","19.17","19.11","19.73","18.77","19.75M","-0.98%"
"Mar 04, 2016","19.36","19.45","20.32","19.06","30.10M","0.26%"
"Mar 03, 2016","19.31","18.53","19.44","18.48","23.25M","4.15%"
"Mar 02, 2016","18.54","17.85","18.74","17.71","17.22M","3.87%"
"Mar 01, 2016","17.85","18.47","18.48","17.59","19.33M","-1.49%"
"Feb 29, 2016","18.12","17.96","18.57","17.78","17.40M","1.00%"
"Feb 26, 2016","17.94","17.72","18.03","17.50","16.34M","1.99%"
"Feb 25, 2016","17.59","17.93","17.95","17.31","22.36M","-2.28%"
"Feb 24, 2016","18.00","18.00","18.09","17.11","26.69M","-1.64%"
"Feb 23, 2016","18.30","18.56","18.96","18.10","25.77M","0.00%"
"Feb 22, 2016","18.30","18.62","18.68","17.76","25.02M","-0.05%"
"Feb 19, 2016","18.31","18.16","18.88","17.77","24.00M","-0.65%"
"Feb 18, 2016","18.43","18.10","18.55","17.52","34.59M","5.56%"
"Feb 17, 2016","17.46","16.47","17.60","16.43","25.84M","6.72%"
"Feb 16, 2016","16.36","16.09","16.40","15.67","17.29M","3.02%"
"Feb 12, 2016","15.88","14.54","15.94","14.53","35.70M","10.97%"
"Feb 11, 2016","14.31","14.07","14.79","13.91","38.66M","-4.47%"
"Feb 10, 2016","14.98","14.55","15.28","14.52","41.09M","4.03%"
"Feb 09, 2016","14.40","14.62","15.54","14.31","26.82M","-3.36%"
"Feb 08, 2016","14.90","15.51","15.55","14.73","24.96M","-5.22%"
"Feb 05, 2016","15.72","16.61","16.64","15.62","24.13M","-7.04%"
"Feb 04, 2016","16.91","16.40","17.18","16.29","18.29M","2.11%"
"Feb 03, 2016","16.56","16.33","16.74","15.55","24.31M","2.99%"
"Feb 02, 2016","16.08","17.22","17.27","16.01","31.84M","-10.22%"
"Feb 01, 2016","17.91","17.89","18.77","17.30","49.99M","6.61%"
"Jan 29, 2016","16.80","16.64","17.07","16.51","16.88M","1.88%"
"Jan 28, 2016","16.49","17.21","17.34","16.45","16.84M","-1.73%"
"Jan 27, 2016","16.78","17.01","17.62","16.77","16.83M","-1.35%"
"Jan 26, 2016","17.01","17.22","17.28","16.40","22.15M","-0.06%"
"Jan 25, 2016","17.02","16.80","17.45","16.51","33.66M","-4.60%"
"Jan 22, 2016","17.84","18.29","18.56","17.73","15.62M","0.06%"
"Jan 21, 2016","17.83","17.44","18.32","16.80","26.34M","2.59%"
"Jan 20, 2016","17.38","16.16","19.04","15.48","69.19M","4.13%"
"Jan 19, 2016","16.69","18.18","18.18","16.43","24.28M","-6.97%"
"Jan 15, 2016","17.94","18.23","18.53","17.61","24.60M","-5.58%"
"Jan 14, 2016","19.00","18.55","19.16","17.27","37.12M","1.71%"
"Jan 13, 2016","18.68","19.70","19.76","18.47","35.88M","-4.79%"
"Jan 12, 2016","19.62","19.87","20.41","19.32","14.60M","-0.15%"
"Jan 11, 2016","19.65","20.12","20.20","19.26","21.34M","-1.65%"
"Jan 08, 2016","19.98","20.51","20.72","19.60","21.83M","-1.38%"
"Jan 07, 2016","20.26","21.00","21.48","20.20","20.76M","-5.28%"
"Jan 06, 2016","21.39","21.62","22.18","21.18","14.03M","-2.42%"
"Jan 05, 2016","21.92","22.79","23.00","21.85","17.08M","-2.84%"
"Jan 04, 2016","22.56","22.64","22.84","22.11","15.32M","-2.51%"
"Dec 31, 2015","23.14","22.17","23.28","22.15","19.48M","4.09%"
"Dec 30, 2015","22.23","22.45","22.94","22.21","15.32M","-1.07%"
"Dec 29, 2015","22.47","22.63","22.82","22.31","11.21M","-0.27%"
"Dec 28, 2015","22.53","22.90","23.32","22.50","13.75M","-1.92%"
"Dec 24, 2015","22.97","22.70","23.06","22.55","7.91M","1.32%"
"Dec 23, 2015","22.67","22.68","22.95","22.37","13.17M","0.49%"
"Dec 22, 2015","22.56","22.26","22.67","22.09","13.70M","1.90%"
"Dec 21, 2015","22.14","23.02","23.04","21.99","22.91M","-3.70%"
"Dec 18, 2015","22.99","23.35","23.44","22.66","23.07M","-1.37%"
"Dec 17, 2015","23.31","24.47","24.75","23.29","17.88M","-4.07%"
"Dec 16, 2015","24.30","23.96","24.48","23.80","24.06M","1.46%"
"Dec 15, 2015","23.95","24.52","24.69","23.70","23.11M","-3.89%"
"Dec 14, 2015","24.92","24.68","24.94","23.70","18.11M","0.32%"
"Dec 11, 2015","24.84","25.91","26.20","24.80","23.06M","-4.13%"
"Dec 10, 2015","25.91","24.36","26.25","24.34","28.32M","6.58%"
"Dec 09, 2015","24.31","24.98","24.98","24.19","14.68M","-2.72%"
"Dec 08, 2015","24.99","24.04","25.10","23.54","23.62M","2.17%"
"Dec 07, 2015","24.46","24.99","25.16","24.13","16.87M","-2.24%"
"Dec 04, 2015","25.02","25.81","25.85","25.01","16.83M","-3.40%"
"Dec 03, 2015","25.90","25.48","26.06","24.91","23.85M","1.97%"
"Dec 02, 2015","25.40","25.31","25.72","25.17","11.85M","-0.51%"
"Dec 01, 2015","25.53","25.39","25.58","25.00","14.80M","0.51%"
"Nov 30, 2015","25.40","25.78","25.82","25.06","17.91M","-1.36%"
"Nov 27, 2015","25.75","25.98","26.07","25.67","4.18M","-1.19%"
"Nov 25, 2015","26.06","25.62","26.41","25.59","13.07M","2.12%"
"Nov 24, 2015","25.52","25.17","25.55","25.02","10.43M","1.27%"
"Nov 23, 2015","25.20","26.11","26.27","25.02","18.17M","-4.07%"
"Nov 20, 2015","26.27","26.32","26.70","26.03","10.84M","-0.19%"
"Nov 19, 2015","26.32","25.94","26.58","25.93","14.23M","1.62%"
"Nov 18, 2015","25.90","25.17","26.09","25.16","13.98M","2.66%"
"Nov 17, 2015","25.23","25.54","25.69","24.90","13.26M","-0.71%"
"Nov 16, 2015","25.41","25.33","25.78","25.00","12.26M","0.91%"
"Nov 13, 2015","25.18","25.89","26.16","25.16","14.33M","-3.64%"
"Nov 12, 2015","26.13","26.08","26.61","25.85","12.58M","-1.40%"
"Nov 11, 2015","26.50","27.08","27.14","26.37","12.78M","-2.03%"
"Nov 10, 2015","27.05","26.81","27.17","26.25","16.55M","-0.15%"
"Nov 09, 2015","27.09","28.07","28.21","26.68","25.62M","-4.21%"
"Nov 06, 2015","28.28","28.58","28.70","28.05","13.59M","-1.33%"
"Nov 05, 2015","28.66","29.47","29.55","28.45","15.53M","-2.38%"
"Nov 04, 2015","29.36","29.36","30.15","29.23","18.79M","0.79%"
"Nov 03, 2015","29.13","29.09","29.63","29.04","16.71M","-0.24%"
"Nov 02, 2015","29.20","28.54","29.29","28.05","18.55M","2.60%"
"Oct 30, 2015","28.46","29.13","29.57","28.35","21.93M","-2.06%"
"Oct 29, 2015","29.06","30.58","30.70","28.93","33.68M","-5.86%"
"Oct 28, 2015","30.87","28.13","31.34","27.76","88.97M","-1.50%"
"Oct 27, 2015","31.34","31.02","31.87","30.65","44.50M","1.46%"
"Oct 26, 2015","30.89","30.63","31.22","30.48","16.79M","2.01%"
"Oct 23, 2015","30.28","29.97","30.72","29.61","19.86M","3.88%"
"Oct 22, 2015","29.15","29.24","29.80","28.74","17.42M","-0.51%"
"Oct 21, 2015","29.30","29.50","29.66","28.65","30.74M","-5.21%"
"Oct 20, 2015","30.91","30.94","31.39","30.41","15.82M","0.00%"
"Oct 19, 2015","30.91","31.15","31.60","30.57","23.96M","-0.77%"
"Oct 16, 2015","31.15","30.08","31.40","29.36","44.56M","4.85%"
"Oct 15, 2015","29.71","29.46","30.28","29.01","15.84M","1.12%"
"Oct 14, 2015","29.38","29.46","29.82","28.38","27.55M","1.10%"
"Oct 13, 2015","29.06","29.55","30.68","28.84","45.78M","1.08%"
"Oct 12, 2015","28.75","30.30","30.77","28.60","30.62M","-6.81%"
"Oct 09, 2015","30.85","30.90","31.41","30.28","27.45M","1.75%"
"Oct 08, 2015","30.32","29.57","31.50","29.03","36.43M","1.64%"
"Oct 07, 2015","29.83","28.35","29.95","28.01","34.80M","8.00%"
"Oct 06, 2015","27.62","28.16","28.40","26.75","31.29M","-1.88%"
"Oct 05, 2015","28.15","26.99","28.25","26.33","31.01M","6.99%"
"Oct 02, 2015","26.31","24.50","26.48","24.34","23.54M","6.60%"
"Oct 01, 2015","24.68","26.47","26.84","24.65","30.95M","-8.39%"
"Sep 30, 2015","26.94","25.94","27.33","25.88","25.46M","5.28%"
"Sep 29, 2015","25.59","25.23","25.76","24.91","13.42M","1.31%"
"Sep 28, 2015","25.26","24.96","25.61","24.60","17.45M","-0.12%"
"Sep 25, 2015","25.29","26.84","26.91","25.14","14.57M","-4.92%"
"Sep 24, 2015","26.60","26.51","26.64","25.40","21.35M","-0.71%"
"Sep 23, 2015","26.79","26.97","27.28","26.57","10.84M","-0.15%"
"Sep 22, 2015","26.83","27.05","27.48","26.62","13.46M","-2.01%"
"Sep 21, 2015","27.38","27.98","28.09","27.19","10.54M","-2.07%"
"Sep 18, 2015","27.96","27.04","28.25","26.99","17.51M","2.01%"
"Sep 17, 2015","27.41","27.54","27.93","27.03","13.07M","-1.23%"
"Sep 16, 2015","27.75","27.14","28.00","27.00","13.34M","2.13%"
"Sep 15, 2015","27.17","27.04","27.55","27.00","10.17M","1.00%"
"Sep 14, 2015","26.90","27.21","27.55","26.80","11.56M","-1.79%"
"Sep 11, 2015","27.39","27.63","27.65","27.17","8.83M","-1.15%"
"Sep 10, 2015","27.71","27.07","27.83","26.95","11.24M","1.95%"
"Sep 09, 2015","27.18","27.17","27.85","26.42","19.35M","0.00%"
"Sep 08, 2015","27.18","28.15","28.20","27.01","19.23M","-3.45%"
"Sep 04, 2015","28.15","27.95","28.55","27.80","13.54M","-0.53%"
"Sep 03, 2015","28.30","28.03","29.00","27.81","21.35M","1.73%"
"Sep 02, 2015","27.82","27.47","27.82","26.87","14.40M","2.92%"
"Sep 01, 2015","27.03","27.23","28.12","26.77","21.16M","-2.73%"
"Aug 31, 2015","27.79","27.64","28.49","27.35","30.75M","3.58%"
"Aug 28, 2015","26.83","26.19","26.93","26.06","12.43M","1.40%"
"Aug 27, 2015","26.46","25.44","26.80","25.24","22.49M","5.71%"
"Aug 26, 2015","25.03","24.80","25.29","23.83","20.58M","2.67%"
"Aug 25, 2015","24.38","26.29","26.33","24.38","19.92M","-3.14%"
"Aug 24, 2015","25.17","23.61","26.23","21.01","30.11M","-2.71%"
"Aug 21, 2015","25.87","25.65","26.73","25.51","23.73M","-0.50%"
"Aug 20, 2015","26.00","27.15","27.48","25.92","25.26M","-5.83%"
"Aug 19, 2015","27.61","28.06","28.09","27.16","19.96M","-2.44%"
"Aug 18, 2015","28.30","28.91","29.00","28.30","9.66M","-2.62%"
"Aug 17, 2015","29.06","29.19","29.34","28.93","9.56M","0.00%"
"Aug 14, 2015","29.06","28.50","29.27","28.45","16.72M","1.82%"
"Aug 13, 2015","28.54","29.60","29.60","28.44","15.00M","-2.89%"
"Aug 12, 2015","29.39","29.11","29.50","28.51","18.58M","-0.78%"
"Aug 11, 2015","29.62","29.01","29.89","28.53","27.83M","0.41%"
"Aug 10, 2015","29.50","28.09","29.63","27.82","42.55M","9.10%"
"Aug 07, 2015","27.04","27.80","27.90","26.87","18.39M","-1.82%"
"Aug 06, 2015","27.54","28.40","28.43","27.23","27.61M","-3.30%"
"Aug 05, 2015","28.48","29.41","29.50","28.43","21.22M","-2.93%"
"Aug 04, 2015","29.34","29.11","29.90","28.90","21.90M","0.24%"
"Aug 03, 2015","29.27","30.85","31.09","28.69","46.64M","-5.61%"
"Jul 31, 2015","31.01","31.38","31.62","30.85","18.15M","-1.46%"
"Jul 30, 2015","31.47","31.10","31.83","31.05","29.44M","0.74%"
"Jul 29, 2015","31.24","32.59","33.24","31.06","92.94M","-14.50%"
"Jul 28, 2015","36.54","34.70","36.67","34.14","57.69M","5.30%"
"Jul 27, 2015","34.70","35.11","35.15","33.88","24.63M","-2.03%"
"Jul 24, 2015","35.42","36.41","36.41","35.30","13.00M","-2.13%"
"Jul 23, 2015","36.19","36.00","36.73","35.95","10.41M","0.28%"
"Jul 22, 2015","36.09","36.23","36.37","35.51","11.77M","-1.47%"
"Jul 21, 2015","36.63","35.82","36.75","35.71","12.54M","2.29%"
"Jul 20, 2015","35.81","35.75","35.99","35.20","9.89M","0.39%"
"Jul 17, 2015","35.67","36.46","36.66","35.60","12.84M","-1.19%"
"Jul 16, 2015","36.10","35.89","36.45","35.75","11.37M","1.23%"
"Jul 15, 2015","35.66","36.66","37.09","35.55","18.30M","-2.89%"
"Jul 14, 2015","36.72","35.78","38.82","35.77","50.10M","2.63%"
"Jul 13, 2015","35.78","34.99","36.14","34.75","17.12M","2.49%"
"Jul 10, 2015","34.91","34.68","35.12","34.46","10.64M","1.60%"
"Jul 09, 2015","34.36","35.17","35.43","34.31","14.10M","-1.15%"
"Jul 08, 2015","34.76","35.41","36.05","34.67","15.52M","-2.14%"
"Jul 07, 2015","35.52","35.35","35.72","34.55","14.20M","0.25%"
"Jul 06, 2015","35.43","35.17","35.69","35.00","11.33M","-0.81%"
"Jul 02, 2015","35.72","35.40","35.97","35.10","17.66M","0.90%"
"Jul 01, 2015","35.40","36.05","36.11","35.23","23.67M","-2.26%"
"Jun 30, 2015","36.22","34.50","36.42","34.44","26.10M","5.88%"
"Jun 29, 2015","34.21","34.47","35.09","34.15","25.22M","-2.98%"
"Jun 26, 2015","35.26","34.97","35.33","34.67","17.39M","0.26%"
"Jun 25, 2015","35.17","35.36","35.36","34.97","10.76M","0.00%"
"Jun 24, 2015","35.17","35.40","35.75","35.10","13.02M","-0.57%"
"Jun 23, 2015","35.37","35.78","36.20","34.96","25.89M","-0.51%"
"Jun 22, 2015","35.55","35.95","36.00","35.34","21.46M","-0.86%"
"Jun 19, 2015","35.86","34.97","36.28","34.85","33.67M","3.46%"
"Jun 18, 2015","34.66","34.63","35.04","34.45","19.45M","-0.09%"
"Jun 17, 2015","34.69","34.99","35.12","34.17","27.28M","-0.37%"
"Jun 16, 2015","34.82","34.23","35.20","33.51","49.86M","0.43%"
"Jun 15, 2015","34.67","35.24","35.26","34.31","32.93M","-3.43%"
"Jun 12, 2015","35.90","36.90","37.25","35.55","60.91M","0.17%"
"Jun 11, 2015","35.84","35.92","36.17","35.79","20.55M","-0.03%"
"Jun 10, 2015","35.85","36.01","36.17","35.60","12.63M","-0.08%"
"Jun 09, 2015","35.88","36.50","36.50","35.56","14.03M","-1.59%"
"Jun 08, 2015","36.46","36.91","36.98","36.41","11.77M","-1.46%"
"Jun 05, 2015","37.00","36.79","37.23","36.65","11.85M","0.79%"
"Jun 04, 2015","36.71","37.17","37.79","36.51","23.76M","-0.78%"
"Jun 03, 2015","37.00","36.51","37.17","36.48","14.02M","1.65%"
"Jun 02, 2015","36.40","36.45","36.60","36.16","13.13M","-0.63%"
"Jun 01, 2015","36.63","36.69","36.83","36.43","10.01M","-0.11%"
"May 29, 2015","36.67","37.05","37.07","36.53","16.85M","-0.43%"
"May 28, 2015","36.83","36.49","37.33","36.37","17.91M","1.15%"
"May 27, 2015","36.41","36.50","36.65","36.10","14.46M","-0.27%"
"May 26, 2015","36.51","36.67","36.83","36.37","13.07M","-0.25%"
"May 22, 2015","36.60","36.70","36.98","36.57","9.86M","-0.22%"
"May 21, 2015","36.68","36.81","36.94","36.39","17.45M","-0.27%"
"May 20, 2015","36.78","37.49","37.94","36.54","23.40M","-1.92%"
"May 19, 2015","37.50","37.14","37.88","36.90","26.94M","0.59%"
"May 18, 2015","37.28","37.10","37.57","36.90","11.24M","0.49%"
"May 15, 2015","37.10","37.36","37.80","37.00","16.80M","-0.62%"
"May 14, 2015","37.33","37.93","38.09","37.27","14.26M","-1.03%"
"May 13, 2015","37.72","37.66","38.20","37.53","14.08M","0.64%"
"May 12, 2015","37.48","37.29","37.80","37.06","11.79M","0.46%"
"May 11, 2015","37.31","37.58","37.86","37.20","12.33M","-0.74%"
"May 08, 2015","37.59","38.02","38.20","37.55","14.40M","-0.32%"
"May 07, 2015","37.71","37.24","37.88","36.95","21.26M","1.21%"
"May 06, 2015","37.26","37.69","37.78","36.52","29.11M","-0.43%"
"May 05, 2015","37.42","38.00","38.61","37.36","22.61M","-1.21%"
"May 04, 2015","37.88","38.72","38.96","37.55","27.62M","0.11%"
"May 01, 2015","37.84","39.19","39.24","37.37","37.79M","-2.87%"
"Apr 30, 2015","38.96","39.28","39.74","38.48","46.65M","1.22%"
"Apr 29, 2015","38.49","40.21","41.09","38.07","120.49M","-8.94%"
"Apr 28, 2015","42.27","52.16","52.22","38.38","77.34M","-18.18%"
"Apr 27, 2015","51.66","50.84","52.54","50.82","23.99M","1.65%"
"Apr 24, 2015","50.82","51.85","51.96","50.24","14.90M","-1.15%"
"Apr 23, 2015","51.41","51.87","52.20","51.22","11.49M","-0.62%"
"Apr 22, 2015","51.73","51.48","52.09","51.32","11.48M","0.80%"
"Apr 21, 2015","51.32","51.68","51.85","51.10","8.46M","-0.16%"
"Apr 20, 2015","51.40","51.07","51.48","50.51","11.00M","1.46%"
"Apr 17, 2015","50.66","51.71","52.16","50.19","16.68M","-2.63%"
"Apr 16, 2015","52.03","51.30","52.34","51.14","14.31M","1.42%"
"Apr 15, 2015","51.30","51.33","51.87","50.91","13.19M","0.20%"
"Apr 14, 2015","51.20","51.75","51.81","50.68","12.23M","-0.81%"
"Apr 13, 2015","51.62","51.99","52.29","51.45","12.31M","-0.62%"
"Apr 10, 2015","51.94","52.29","52.45","51.38","13.27M","-0.44%"
"Apr 09, 2015","52.17","52.15","52.99","51.54","17.88M","-0.25%"
"Apr 08, 2015","52.30","53.32","53.49","51.95","22.37M","-1.08%"
"Apr 07, 2015","52.87","51.01","53.28","50.86","37.08M","3.99%"
"Apr 06, 2015","50.84","50.03","51.16","49.87","14.54M","0.83%"
"Apr 02, 2015","50.42","50.64","50.95","49.88","13.42M","-0.10%"
"Apr 01, 2015","50.47","51.00","51.69","50.17","24.30M","0.78%"
"Mar 31, 2015","50.08","49.62","51.24","49.54","23.90M","0.38%"
"Mar 30, 2015","49.89","50.45","50.71","48.66","20.37M","-0.24%"
"Mar 27, 2015","50.01","50.35","50.89","49.94","14.85M","0.18%"
"Mar 26, 2015","49.92","49.65","50.90","49.40","24.39M","0.85%"
"Mar 25, 2015","49.50","51.50","51.87","49.31","31.69M","-3.83%"
"Mar 24, 2015","51.47","48.67","51.79","48.54","38.18M","6.21%"
"Mar 23, 2015","48.46","48.24","49.25","47.87","16.39M","0.04%"
"Mar 20, 2015","48.44","48.36","49.15","48.25","18.68M","1.06%"
"Mar 19, 2015","47.93","46.96","48.15","46.45","15.96M","1.55%"
"Mar 18, 2015","47.20","46.75","47.38","46.16","13.12M","0.58%"
"Mar 17, 2015","46.93","46.66","47.29","46.44","13.36M","1.08%"
"Mar 16, 2015","46.43","46.90","47.07","46.05","10.24M","-0.49%"
"Mar 13, 2015","46.66","46.94","47.72","46.45","13.37M","-0.87%"
"Mar 12, 2015","47.07","46.57","47.32","46.51","12.20M","1.73%"
"Mar 11, 2015","46.27","45.66","46.74","45.13","12.27M","0.94%"
"Mar 10, 2015","45.84","47.23","47.26","45.79","17.29M","-3.68%"
"Mar 09, 2015","47.59","47.22","48.08","47.13","13.64M","1.80%"
"Mar 06, 2015","46.75","47.26","48.07","46.57","11.53M","-1.27%"
"Mar 05, 2015","47.35","47.59","48.43","47.20","13.51M","-0.46%"
"Mar 04, 2015","47.57","47.51","47.85","46.41","14.29M","-0.29%"
"Mar 03, 2015","47.71","48.13","48.80","47.44","16.75M","-0.91%"
"Mar 02, 2015","48.15","48.26","48.30","47.31","13.43M","0.15%"
"Feb 27, 2015","48.08","49.19","49.90","47.96","15.00M","-2.69%"
"Feb 26, 2015","49.41","48.81","50.01","48.64","22.34M","1.77%"
"Feb 25, 2015","48.55","48.80","49.18","48.25","11.66M","-0.29%"
"Feb 24, 2015","48.69","48.33","49.30","48.06","11.07M","0.45%"
"Feb 23, 2015","48.47","49.02","49.24","48.35","12.54M","-1.30%"
"Feb 20, 2015","49.11","48.76","49.88","48.65","20.76M","0.84%"
"Feb 19, 2015","48.70","47.84","48.94","47.42","18.15M","1.84%"
"Feb 18, 2015","47.82","48.00","48.79","47.36","15.50M","-0.44%"
"Feb 17, 2015","48.03","48.20","49.09","47.89","16.67M","-0.97%"
"Feb 13, 2015","48.50","47.93","48.82","47.57","20.81M","1.15%"
"Feb 12, 2015","47.95","47.98","48.45","46.88","23.07M","0.95%"
"Feb 11, 2015","47.50","46.27","47.78","46.11","24.75M","2.68%"
"Feb 10, 2015","46.26","47.35","47.39","45.57","32.29M","-2.24%"
"Feb 09, 2015","47.32","46.73","47.69","46.50","36.18M","-1.44%"
"Feb 06, 2015","48.01","46.12","48.50","45.80","102.97M","16.36%"
"Feb 05, 2015","41.26","42.04","43.79","40.91","62.00M","1.33%"
"Feb 04, 2015","40.72","40.05","40.83","39.82","23.12M","2.34%"
"Feb 03, 2015","39.79","38.00","40.19","37.69","28.40M","6.22%"
"Feb 02, 2015","37.46","37.70","38.07","36.92","13.90M","-0.19%"
"Jan 30, 2015","37.53","36.65","38.15","36.41","15.39M","2.32%"
"Jan 29, 2015","36.68","37.39","37.57","36.07","20.09M","-1.27%"
"Jan 28, 2015","37.15","38.43","38.78","37.03","22.37M","-4.55%"
"Jan 27, 2015","38.92","39.56","39.61","38.38","15.75M","-2.94%"
"Jan 26, 2015","40.10","39.33","40.13","39.04","13.84M","1.73%"
"Jan 23, 2015","39.42","39.48","39.97","38.78","16.44M","0.90%"
"Jan 22, 2015","39.07","37.98","39.25","37.55","20.45M","3.28%"
"Jan 21, 2015","37.83","37.65","38.27","37.33","12.18M","0.69%"
"Jan 20, 2015","37.57","37.59","38.14","36.54","17.64M","0.70%"
"Jan 16, 2015","37.31","37.18","38.13","36.85","14.97M","1.03%"
"Jan 15, 2015","36.93","39.70","39.70","36.86","23.04M","-7.33%"
"Jan 14, 2015","39.85","38.89","40.18","38.80","16.05M","0.50%"
"Jan 13, 2015","39.65","39.74","40.35","39.23","18.40M","0.71%"
"Jan 12, 2015","39.37","40.28","40.95","39.30","27.64M","-1.99%"
"Jan 09, 2015","40.17","39.22","40.34","38.26","24.74M","2.76%"
"Jan 08, 2015","39.09","37.42","39.19","37.09","19.19M","4.86%"
"Jan 07, 2015","37.28","39.10","39.10","37.06","22.68M","-3.82%"
"Jan 06, 2015","38.76","36.27","39.45","36.04","33.05M","6.54%"
"Jan 05, 2015","36.38","36.26","37.11","35.64","15.06M","-0.49%"
"Jan 02, 2015","36.56","36.23","36.74","35.54","12.06M","1.92%"
"Dec 31, 2014","35.87","35.89","36.49","35.47","17.65M","0.03%"
"Dec 30, 2014","35.86","36.02","36.24","35.46","19.49M","-1.54%"
"Dec 29, 2014","36.42","37.39","37.51","36.38","13.57M","-3.14%"
"Dec 26, 2014","37.60","37.76","38.10","37.54","7.32M","-0.03%"
"Dec 24, 2014","37.61","37.67","38.35","37.56","6.26M","0.11%"
"Dec 23, 2014","37.57","38.58","39.25","37.46","16.86M","-2.24%"
"Dec 22, 2014","38.43","37.50","38.82","37.31","20.08M","3.64%"
"Dec 19, 2014","37.08","36.70","37.45","36.50","16.07M","0.95%"
"Dec 18, 2014","36.73","36.13","37.27","35.95","19.09M","3.26%"
"Dec 17, 2014","35.57","35.56","35.90","34.95","18.54M","1.25%"
"Dec 16, 2014","35.13","36.50","36.71","35.09","19.24M","-4.67%"
"Dec 15, 2014","36.85","38.13","38.38","36.73","16.83M","-0.67%"
"Dec 12, 2014","37.10","36.31","37.71","36.10","15.22M","1.09%"
"Dec 11, 2014","36.70","36.45","37.23","36.25","15.71M","0.96%"
"Dec 10, 2014","36.35","36.91","37.78","36.25","16.50M","-1.89%"
"Dec 09, 2014","37.05","34.97","37.09","34.62","20.54M","2.09%"
"Dec 08, 2014","36.29","38.08","38.12","35.75","30.11M","-5.72%"
"Dec 05, 2014","38.49","38.97","39.07","38.35","12.59M","-0.77%"
"Dec 04, 2014","38.79","38.80","39.66","38.62","13.03M","-0.69%"
"Dec 03, 2014","39.06","39.00","39.42","38.38","13.24M","0.39%"
"Dec 02, 2014","38.91","39.40","39.40","38.33","16.43M","-0.33%"
"Dec 01, 2014","39.04","41.29","41.29","39.00","22.21M","-6.47%"
"Nov 28, 2014","41.74","41.09","42.08","40.83","11.11M","1.48%"
"Nov 26, 2014","41.13","39.83","41.56","39.74","23.79M","3.45%"
"Nov 25, 2014","39.76","40.12","40.30","39.56","16.17M","-1.07%"
"Nov 24, 2014","40.19","39.99","40.47","39.58","15.18M","0.40%"
"Nov 21, 2014","40.03","40.25","40.28","39.80","12.07M","0.55%"
"Nov 20, 2014","39.81","39.49","40.55","39.32","13.72M","0.25%"
"Nov 19, 2014","39.71","40.35","40.47","39.21","19.05M","-2.22%"
"Nov 18, 2014","40.61","40.69","41.17","39.95","18.61M","0.35%"
"Nov 17, 2014","40.47","41.46","41.68","40.41","20.67M","-3.30%"
"Nov 14, 2014","41.85","40.02","41.85","39.77","33.06M","4.52%"
"Nov 13, 2014","40.04","43.55","43.95","39.95","67.29M","-5.88%"
"Nov 12, 2014","42.54","39.94","42.94","39.60","51.81M","7.45%"
"Nov 11, 2014","39.59","39.31","39.84","38.81","19.20M","0.00%"
"Nov 10, 2014","39.59","40.34","40.69","39.42","19.07M","-1.79%"
"Nov 07, 2014","40.31","40.74","40.74","39.70","18.56M","-1.30%"
"Nov 06, 2014","40.84","40.19","41.35","40.10","16.29M","1.16%"
"Nov 05, 2014","40.37","41.69","41.80","40.13","19.74M","-1.30%"
"Nov 04, 2014","40.90","40.02","41.10","39.75","19.54M","1.72%"
"Nov 03, 2014","40.21","40.55","41.20","40.16","31.45M","-3.04%"
"Oct 31, 2014","41.47","42.69","42.85","41.34","23.90M","-0.79%"
"Oct 30, 2014","41.80","41.56","42.48","39.94","42.01M","-0.67%"
"Oct 29, 2014","42.08","43.85","44.16","41.81","40.26M","-3.88%"
"Oct 28, 2014","43.78","42.25","44.58","41.76","83.51M","-9.84%"
"Oct 27, 2014","48.56","50.02","50.24","47.18","51.90M","-2.78%"
"Oct 24, 2014","49.95","50.16","50.19","49.15","12.04M","0.56%"
"Oct 23, 2014","49.67","50.13","50.40","49.20","23.10M","1.20%"
"Oct 22, 2014","49.08","51.13","51.84","49.00","26.15M","-3.06%"
"Oct 21, 2014","50.63","51.76","52.15","50.30","21.35M","-0.14%"
"Oct 20, 2014","50.70","49.07","50.89","48.80","17.78M","3.96%"
"Oct 17, 2014","48.77","49.72","50.25","48.65","24.63M","1.12%"
"Oct 16, 2014","48.23","48.34","49.82","47.17","30.82M","-3.52%"
"Oct 15, 2014","49.99","47.11","50.52","46.38","34.37M","2.90%"
"Oct 14, 2014","48.58","49.06","49.53","47.08","29.72M","0.19%"
"Oct 13, 2014","48.49","50.54","51.91","48.26","35.33M","-3.79%"
"Oct 10, 2014","50.40","54.57","55.66","50.30","46.73M","-8.84%"
"Oct 09, 2014","55.29","55.29","55.99","54.92","29.74M","-0.23%"
"Oct 08, 2014","55.42","53.62","55.67","52.60","31.10M","3.53%"
"Oct 07, 2014","53.53","53.12","54.99","53.10","26.08M","0.07%"
"Oct 06, 2014","53.49","53.94","54.45","53.23","20.03M","-0.83%"
"Oct 03, 2014","53.94","52.75","54.73","52.11","31.23M","4.03%"
"Oct 02, 2014","51.85","51.03","52.10","50.01","27.06M","3.58%"
"Oct 01, 2014","50.06","51.08","51.29","49.15","24.73M","-2.95%"
"Sep 30, 2014","51.58","52.00","52.19","51.17","12.32M","-0.31%"
"Sep 29, 2014","51.74","51.09","52.18","50.88","15.40M","-0.29%"
"Sep 26, 2014","51.89","51.97","52.61","51.70","14.13M","0.86%"
"Sep 25, 2014","51.45","52.71","53.23","51.27","21.07M","-2.85%"
"Sep 24, 2014","52.96","52.55","53.34","52.13","17.66M","1.51%"
"Sep 23, 2014","52.17","51.46","52.56","51.02","20.00M","0.44%"
"Sep 22, 2014","51.94","52.38","52.90","51.36","21.74M","-2.00%"
"Sep 19, 2014","53.00","50.78","53.00","50.18","38.19M","4.17%"
"Sep 18, 2014","50.88","50.97","51.88","50.53","22.48M","0.36%"
"Sep 17, 2014","50.70","50.97","51.60","50.16","22.87M","-0.26%"
"Sep 16, 2014","50.83","48.70","50.91","48.40","26.74M","2.94%"
"Sep 15, 2014","49.38","51.60","51.93","47.56","38.37M","-5.24%"
"Sep 12, 2014","52.11","52.55","52.82","52.02","22.99M","-1.01%"
"Sep 11, 2014","52.64","52.55","53.64","52.18","38.10M","-0.51%"
"Sep 10, 2014","52.91","52.11","53.33","51.85","38.06M","4.54%"
"Sep 09, 2014","50.61","52.23","52.40","50.22","25.03M","-2.67%"
"Sep 08, 2014","52.00","51.80","52.68","51.68","30.84M","2.56%"
"Sep 05, 2014","50.70","50.09","50.88","49.52","20.25M","0.92%"
"Sep 04, 2014","50.24","49.69","50.86","49.22","24.41M","1.84%"
"Sep 03, 2014","49.33","51.83","51.85","49.05","34.41M","-3.31%"
"Sep 02, 2014","51.02","50.02","51.34","49.90","28.27M","2.55%"
"Aug 29, 2014","49.75","49.89","50.35","49.13","31.93M","0.65%"
"Aug 28, 2014","49.43","47.98","49.88","47.86","35.08M","2.85%"
"Aug 27, 2014","48.06","48.24","48.46","47.18","26.13M","-0.23%"
"Aug 26, 2014","48.17","46.10","48.20","46.04","27.72M","4.49%"
"Aug 25, 2014","46.10","46.22","46.36","45.70","17.58M","0.26%"
"Aug 22, 2014","45.98","45.04","46.14","44.80","19.43M","1.93%"
"Aug 21, 2014","45.11","45.29","45.35","44.84","10.62M","0.11%"
"Aug 20, 2014","45.06","44.93","45.21","44.76","10.38M","-0.07%"
"Aug 19, 2014","45.09","45.24","45.45","45.03","11.90M","-0.07%"
"Aug 18, 2014","45.12","45.06","45.33","44.77","14.84M","0.80%"
"Aug 15, 2014","44.76","45.47","45.50","44.44","17.79M","-1.26%"
"Aug 14, 2014","45.33","44.40","45.34","44.04","23.64M","2.67%"
"Aug 13, 2014","44.15","44.12","44.34","43.62","16.18M","0.78%"
"Aug 12, 2014","43.81","44.38","44.72","43.61","29.58M","1.25%"
"Aug 11, 2014","43.27","43.48","43.60","42.71","18.42M","0.32%"
"Aug 08, 2014","43.13","43.02","43.36","42.51","14.98M","0.30%"
"Aug 07, 2014","43.00","43.37","44.37","42.89","25.39M","-1.06%"
"Aug 06, 2014","43.46","43.39","44.04","42.75","20.36M","-0.84%"
"Aug 05, 2014","43.83","43.25","44.48","43.02","26.40M","0.83%"
"Aug 04, 2014","43.47","43.70","44.53","43.44","22.42M","-1.50%"
"Aug 01, 2014","44.13","45.01","45.54","43.81","37.19M","-2.35%"
"Jul 31, 2014","45.19","44.62","45.84","44.30","47.17M","-2.40%"
"Jul 30, 2014","46.30","47.01","48.00","45.65","116.20M","19.98%"
"Jul 29, 2014","38.59","38.11","38.92","37.99","65.34M","1.74%"
"Jul 28, 2014","37.93","38.30","38.44","37.56","16.78M","-0.60%"
"Jul 25, 2014","38.16","38.20","38.80","38.02","15.98M","-1.42%"
"Jul 24, 2014","38.71","38.71","39.00","37.85","22.11M","2.54%"
"Jul 23, 2014","37.75","37.65","38.19","37.56","13.22M","0.27%"
"Jul 22, 2014","37.65","38.31","38.60","37.45","16.84M","-1.05%"
"Jul 21, 2014","38.05","37.23","38.29","36.85","19.69M","2.70%"
"Jul 18, 2014","37.05","36.81","37.08","35.95","26.44M","0.49%"
"Jul 17, 2014","36.87","36.80","37.17","36.38","22.63M","-1.50%"
"Jul 16, 2014","37.43","38.31","38.52","37.10","19.73M","-1.19%"
"Jul 15, 2014","37.88","38.59","38.99","37.62","24.66M","-1.12%"
"Jul 14, 2014","38.31","38.57","39.38","38.20","19.70M","-0.05%"
"Jul 11, 2014","38.33","38.15","38.79","38.00","21.08M","1.29%"
"Jul 10, 2014","37.84","36.49","38.10","36.11","26.55M","-0.58%"
"Jul 09, 2014","38.06","37.82","38.35","37.35","26.84M","1.74%"
"Jul 08, 2014","37.41","39.96","40.04","36.84","49.95M","-7.01%"
"Jul 07, 2014","40.23","41.08","41.45","40.14","21.45M","-2.66%"
"Jul 03, 2014","41.33","41.94","42.00","40.83","15.80M","-1.05%"
"Jul 02, 2014","41.77","42.83","42.83","41.42","24.38M","-0.67%"
"Jul 01, 2014","42.05","42.06","42.95","41.91","36.02M","2.64%"
"Jun 30, 2014","40.97","40.81","41.34","40.35","22.78M","0.10%"
"Jun 27, 2014","40.93","40.70","41.15","40.11","48.26M","-1.23%"
"Jun 26, 2014","41.44","40.05","42.00","39.81","45.35M","5.02%"
"Jun 25, 2014","39.46","38.24","39.59","38.01","25.46M","2.55%"
"Jun 24, 2014","38.48","39.44","39.64","38.26","24.48M","-2.63%"
"Jun 23, 2014","39.52","39.07","39.58","38.73","22.59M","0.71%"
"Jun 20, 2014","39.24","38.82","39.24","37.77","41.50M","0.87%"
"Jun 19, 2014","38.90","38.73","39.30","38.32","24.65M","0.41%"
"Jun 18, 2014","38.74","38.16","38.83","37.75","23.71M","1.89%"
"Jun 17, 2014","38.02","38.03","38.55","37.30","30.32M","0.00%"
"Jun 16, 2014","38.02","36.70","38.17","36.44","29.89M","3.04%"
"Jun 13, 2014","36.90","36.85","37.25","35.90","29.13M","0.30%"
"Jun 12, 2014","36.79","35.06","37.27","35.06","58.15M","3.52%"
"Jun 11, 2014","35.54","35.07","35.97","34.93","30.02M","0.48%"
"Jun 10, 2014","35.37","34.73","35.50","34.66","36.57M","2.61%"
"Jun 09, 2014","34.47","33.24","34.55","33.09","23.40M","3.42%"
"Jun 06, 2014","33.33","34.14","34.41","33.22","23.35M","-1.65%"
"Jun 05, 2014","33.89","33.67","34.89","33.11","40.90M","3.01%"
"Jun 04, 2014","32.90","32.49","33.32","31.85","24.86M","0.98%"
"Jun 03, 2014","32.58","31.73","32.69","31.65","19.95M","2.61%"
"Jun 02, 2014","31.75","32.89","33.20","31.62","31.21M","-2.13%"
"May 30, 2014","32.44","33.73","33.86","32.11","40.60M","-4.59%"
"May 29, 2014","34.00","34.67","35.14","33.88","54.02M","0.68%"
"May 28, 2014","33.77","31.50","33.84","31.09","60.30M","10.69%"
"May 27, 2014","30.51","30.94","31.20","30.38","25.24M","0.03%"
"May 23, 2014","30.50","31.51","31.68","30.45","27.45M","-3.24%"
"May 22, 2014","31.52","31.33","32.25","30.52","35.57M","-0.72%"
"May 21, 2014","31.75","31.85","31.95","31.15","15.56M","-0.06%"
"May 20, 2014","31.77","32.00","32.39","31.52","16.58M","-0.94%"
"May 19, 2014","32.07","32.05","32.44","31.64","15.95M","-0.59%"
"May 16, 2014","32.26","32.95","33.21","32.02","21.39M","-1.56%"
"May 15, 2014","32.77","33.02","33.29","32.16","22.03M","-0.24%"
"May 14, 2014","32.85","33.35","33.83","32.62","20.03M","-1.62%"
"May 13, 2014","33.39","33.84","34.06","32.89","24.68M","-1.62%"
"May 12, 2014","33.94","33.08","34.10","32.40","34.71M","5.90%"
"May 09, 2014","32.05","32.23","33.11","31.75","31.89M","0.28%"
"May 08, 2014","31.96","31.48","32.98","31.13","51.28M","4.24%"
"May 07, 2014","30.66","31.97","32.00","29.51","68.88M","-3.74%"
"May 06, 2014","31.85","35.61","36.10","31.72","134.71M","-17.81%"
"May 05, 2014","38.75","38.52","39.60","38.05","10.41M","-0.69%"
"May 02, 2014","39.02","39.20","39.86","38.70","12.73M","-0.18%"
"May 01, 2014","39.09","39.01","40.77","38.97","15.76M","0.31%"
"Apr 30, 2014","38.97","37.66","38.98","37.24","38.40M","-8.56%"
"Apr 29, 2014","42.62","40.53","43.97","40.17","28.13M","4.64%"
"Apr 28, 2014","40.73","41.76","42.35","39.30","14.36M","-2.11%"
"Apr 25, 2014","41.61","44.29","44.44","41.31","13.71M","-7.16%"
"Apr 24, 2014","44.82","46.71","46.79","43.63","11.02M","-2.46%"
"Apr 23, 2014","45.95","45.88","46.17","44.87","7.35M","-0.15%"
"Apr 22, 2014","46.02","46.23","47.09","45.80","7.00M","-0.24%"
"Apr 21, 2014","46.13","44.96","46.30","44.64","6.93M","2.49%"
"Apr 17, 2014","45.01","44.66","46.55","43.91","12.31M","1.33%"
"Apr 16, 2014","44.42","45.42","45.56","43.54","13.92M","-2.42%"
"Apr 15, 2014","45.52","41.28","45.55","40.76","24.29M","11.38%"
"Apr 14, 2014","40.87","41.40","41.95","40.12","10.42M","2.05%"
"Apr 11, 2014","40.05","40.79","41.10","39.68","10.00M","-3.12%"
"Apr 10, 2014","41.34","42.85","43.25","40.93","10.72M","-2.71%"
"Apr 09, 2014","42.49","42.23","43.06","41.77","14.33M","1.70%"
"Apr 08, 2014","41.78","43.42","43.42","41.55","14.51M","-1.58%"
"Apr 07, 2014","42.45","42.87","44.60","42.26","12.05M","-1.60%"
"Apr 04, 2014","43.14","44.20","44.87","42.37","13.85M","-2.07%"
"Apr 03, 2014","44.05","45.48","45.61","43.38","11.18M","-3.67%"
"Apr 02, 2014","45.73","47.40","47.44","45.51","7.91M","-2.66%"
"Apr 01, 2014","46.98","46.71","47.59","46.18","6.92M","0.66%"
"Mar 31, 2014","46.67","47.55","47.75","46.43","5.79M","-1.33%"
"Mar 28, 2014","47.30","46.65","47.34","45.70","9.61M","2.12%"
"Mar 27, 2014","46.32","45.09","46.40","43.31","15.51M","4.25%"
"Mar 26, 2014","44.43","48.06","48.30","44.25","16.13M","-7.21%"
"Mar 25, 2014","47.88","49.35","49.70","47.58","8.23M","-1.82%"
"Mar 24, 2014","48.77","50.69","50.94","47.77","12.33M","-4.22%"
"Mar 21, 2014","50.92","50.24","50.92","49.51","11.82M","1.60%"
"Mar 20, 2014","50.12","51.00","51.66","49.64","10.09M","-2.19%"
"Mar 19, 2014","51.24","50.80","51.98","50.71","7.62M","0.22%"
"Mar 18, 2014","51.13","52.03","52.21","50.29","12.23M","-1.77%"
"Mar 17, 2014","52.05","52.08","52.49","51.35","6.60M","0.25%"
"Mar 14, 2014","51.92","53.40","53.91","51.80","9.57M","-3.08%"
"Mar 13, 2014","53.57","54.90","55.45","53.20","7.67M","-1.71%"
"Mar 12, 2014","54.50","54.25","55.30","53.88","5.84M","0.89%"
"Mar 11, 2014","54.02","54.16","55.84","53.80","11.78M","0.26%"
"Mar 10, 2014","53.88","54.09","54.59","53.38","5.79M","0.65%"
"Mar 07, 2014","53.53","55.18","55.20","53.31","7.33M","-2.37%"
"Mar 06, 2014","54.83","54.91","56.09","54.70","9.03M","0.83%"
"Mar 05, 2014","54.38","54.53","55.03","53.75","5.68M","0.18%"
"Mar 04, 2014","54.28","54.25","55.28","54.12","6.72M","1.06%"
"Mar 03, 2014","53.71","53.89","54.40","52.90","9.62M","-2.19%"
"Feb 28, 2014","54.91","55.93","56.00","54.13","8.15M","-1.54%"
"Feb 27, 2014","55.77","56.34","56.69","55.40","6.54M","-0.18%"
"Feb 26, 2014","55.87","55.00","56.99","54.90","12.13M","1.66%"
"Feb 25, 2014","54.96","55.89","55.95","54.50","9.30M","-1.47%"
"Feb 24, 2014","55.78","56.03","56.49","55.30","8.49M","-0.25%"
"Feb 21, 2014","55.92","57.10","57.20","55.70","7.72M","-1.25%"
"Feb 20, 2014","56.63","55.82","57.08","54.65","12.11M","2.04%"
"Feb 19, 2014","55.50","58.47","58.95","54.62","25.85M","-4.61%"
"Feb 18, 2014","58.18","57.88","58.64","56.77","10.74M","1.29%"
"Feb 14, 2014","57.44","57.02","57.86","56.70","12.63M","1.72%"
"Feb 13, 2014","56.47","56.07","58.98","55.46","26.05M","-0.67%"
"Feb 12, 2014","56.85","55.05","57.00","54.76","20.20M","5.28%"
"Feb 11, 2014","54.00","53.20","54.40","53.10","13.22M","2.04%"
"Feb 10, 2014","52.92","54.50","54.59","52.34","15.88M","-2.63%"
"Feb 07, 2014","54.35","51.23","54.92","50.75","32.36M","8.63%"
"Feb 06, 2014","50.03","50.61","53.90","49.99","64.95M","-24.16%"
"Feb 05, 2014","65.97","67.16","67.24","64.80","34.00M","-0.53%"
"Feb 04, 2014","66.32","66.25","66.37","64.50","13.05M","1.64%"
"Feb 03, 2014","65.25","65.92","66.48","64.21","18.08M","1.16%"
"Jan 31, 2014","64.50","63.39","65.37","62.65","15.53M","1.62%"
"Jan 30, 2014","63.47","63.98","65.24","62.80","17.49M","6.76%"
"Jan 29, 2014","59.45","59.62","60.95","58.60","9.49M","-1.64%"
"Jan 28, 2014","60.44","57.44","60.85","57.35","9.38M","4.37%"
"Jan 27, 2014","57.91","61.77","61.77","56.10","19.03M","-6.20%"
"Jan 24, 2014","61.74","62.17","63.62","61.30","13.04M","-1.69%"
"Jan 23, 2014","62.80","61.45","62.81","60.88","10.20M","0.58%"
"Jan 22, 2014","62.44","63.11","63.80","61.76","12.08M","-0.14%"
"Jan 21, 2014","62.53","63.33","63.44","61.50","13.74M","0.53%"
"Jan 17, 2014","62.20","63.60","64.69","61.59","28.44M","2.69%"
"Jan 16, 2014","60.57","61.45","62.40","60.46","16.76M","-1.62%"
"Jan 15, 2014","61.57","59.11","61.75","58.32","21.65M","5.77%"
"Jan 14, 2014","58.21","58.88","59.02","57.36","14.81M","0.67%"
"Jan 13, 2014","57.82","59.98","60.38","57.29","21.04M","1.44%"
"Jan 10, 2014","57.00","57.50","58.76","55.87","22.39M","-0.09%"
"Jan 09, 2014","57.05","59.54","60.81","55.59","31.12M","-3.78%"
"Jan 08, 2014","59.29","58.71","61.26","57.92","27.30M","-3.53%"
"Jan 07, 2014","61.46","67.67","67.73","61.39","31.81M","-7.29%"
"Jan 06, 2014","66.29","64.83","66.87","63.50","27.30M","-3.93%"
"Jan 03, 2014","69.00","69.00","70.43","68.43","33.25M","2.22%"
"Jan 02, 2014","67.50","65.00","67.50","64.40","29.29M","6.05%"
"Dec 31, 2013","63.65","62.36","65.22","61.65","27.86M","5.19%"
"Dec 30, 2013","60.51","60.27","63.71","58.57","55.54M","-5.08%"
"Dec 27, 2013","63.75","70.10","71.25","63.69","60.42M","-13.04%"
"Dec 26, 2013","73.31","72.88","74.73","69.13","82.76M","4.79%"
"Dec 24, 2013","69.96","66.34","70.87","65.56","35.80M","8.40%"
"Dec 23, 2013","64.54","59.85","64.99","59.70","22.16M","7.55%"
"Dec 20, 2013","60.01","58.51","60.25","58.01","26.21M","4.38%"
"Dec 19, 2013","57.49","55.08","57.75","55.00","13.17M","3.57%"
"Dec 18, 2013","55.51","57.00","57.00","54.23","16.66M","-1.67%"
"Dec 17, 2013","56.45","56.97","57.38","54.62","22.12M","-0.28%"
"Dec 16, 2013","56.61","57.86","60.24","55.76","39.31M","-4.05%"
"Dec 13, 2013","59.00","56.20","59.41","55.45","38.98M","6.63%"
"Dec 12, 2013","55.33","52.20","55.87","50.69","23.45M","5.71%"
"Dec 11, 2013","52.34","52.40","53.87","51.00","26.63M","0.67%"
"Dec 10, 2013","51.99","48.90","52.58","48.70","25.79M","5.80%"
"Dec 09, 2013","49.14","45.59","49.84","45.02","17.37M","9.32%"
"Dec 06, 2013","44.95","45.75","45.80","44.54","6.24M","-1.47%"
"Dec 05, 2013","45.62","43.45","46.35","42.83","11.81M","4.42%"
"Dec 04, 2013","43.69","41.27","43.92","41.27","11.03M","5.61%"
"Dec 03, 2013","41.37","40.69","41.60","40.54","5.78M","1.45%"
"Dec 02, 2013","40.78","41.79","42.00","40.40","6.43M","-1.90%"
"Nov 29, 2013","41.57","41.40","41.58","40.90","4.11M","1.64%"
"Nov 27, 2013","40.90","40.47","41.40","40.35","5.54M","1.79%"
"Nov 26, 2013","40.18","39.16","40.55","38.92","9.83M","2.87%"
"Nov 25, 2013","39.06","41.08","41.14","38.80","14.33M","-4.73%"
"Nov 22, 2013","41.00","41.81","42.28","40.97","6.19M","-2.52%"
"Nov 21, 2013","42.06","41.25","42.49","40.37","8.32M","2.46%"
"Nov 20, 2013","41.05","41.40","41.75","40.51","5.77M","-1.68%"
"Nov 19, 2013","41.75","41.39","41.90","40.00","7.44M","1.48%"
"Nov 18, 2013","41.14","43.50","43.95","40.85","12.81M","-6.46%"
"Nov 15, 2013","43.98","45.25","45.27","43.43","8.01M","-1.59%"
"Nov 14, 2013","44.69","42.34","45.67","42.24","11.10M","4.91%"
"Nov 13, 2013","42.60","41.03","42.87","40.76","8.69M","1.67%"
"Nov 12, 2013","41.90","43.66","43.78","41.83","6.32M","-2.33%"
"Nov 11, 2013","42.90","40.50","43.00","39.40","16.11M","3.00%"
"Nov 08, 2013","41.65","45.93","46.94","40.69","27.93M","-7.24%"